date,pump_id,vibration_mm_s,motor_temp_c,discharge_pressure_psi,failing_within_7d,health_status
2025-07-01,Basin_B_Pad1,2.224,67.4,1744.3,0,Healthy
2025-07-02,Basin_B_Pad1,2.161,68.2,1795.8,0,Healthy
2025-07-03,Basin_B_Pad1,2.251,69.6,1771.5,0,Healthy
2025-07-04,Basin_B_Pad1,2.342,67.8,1768.9,0,Healthy
2025-07-05,Basin_B_Pad1,2.135,67.3,1747.6,0,Healthy
2025-07-06,Basin_B_Pad1,2.385,66.8,1801.8,0,Healthy
2025-07-07,Basin_B_Pad1,1.816,68.7,1745.8,0,Healthy
2025-07-08,Basin_B_Pad1,2.442,65.7,1715.7,0,Healthy
2025-07-09,Basin_B_Pad1,2.134,68.0,1782.7,0,Healthy
2025-07-10,Basin_B_Pad1,2.185,69.3,1733.6,0,Healthy
2025-07-11,Basin_B_Pad1,2.203,65.5,1729.4,0,Healthy
2025-07-12,Basin_B_Pad1,2.37,67.6,1752.8,0,Healthy
2025-07-13,Basin_B_Pad1,2.171,66.2,1774.8,0,Healthy
2025-07-14,Basin_B_Pad1,2.088,67.4,1743.2,0,Healthy
2025-07-15,Basin_B_Pad1,2.126,67.6,1757.8,0,Healthy
2025-07-16,Basin_B_Pad1,2.078,66.5,1701.5,0,Healthy
2025-07-17,Basin_B_Pad1,1.937,69.2,1768.5,0,Healthy
2025-07-18,Basin_B_Pad1,2.181,67.0,1778.5,0,Healthy
2025-07-19,Basin_B_Pad1,2.213,66.0,1751.5,0,Healthy
2025-07-20,Basin_B_Pad1,2.031,68.1,1738.4,0,Healthy
2025-07-21,Basin_B_Pad1,2.178,67.7,1760.7,0,Healthy
2025-07-22,Basin_B_Pad1,2.288,69.0,1726.5,0,Healthy
2025-07-23,Basin_B_Pad1,2.146,68.5,1724.6,0,Healthy
2025-07-24,Basin_B_Pad1,2.146,69.1,1684.1,0,Healthy
2025-07-25,Basin_B_Pad1,2.257,67.7,1729.5,0,Healthy
2025-07-26,Basin_B_Pad1,2.327,69.2,1767.6,0,Healthy
2025-07-27,Basin_B_Pad1,2.452,67.3,1754.8,0,Healthy
2025-07-28,Basin_B_Pad1,2.059,68.7,1769.8,0,Healthy
2025-07-29,Basin_B_Pad1,2.272,67.7,1764.6,0,Healthy
2025-07-30,Basin_B_Pad1,2.189,69.8,1736.5,0,Healthy
2025-07-31,Basin_B_Pad1,2.075,67.0,1718.5,0,Healthy
2025-08-01,Basin_B_Pad1,2.158,67.9,1801.6,0,Healthy
2025-08-02,Basin_B_Pad1,2.08,68.5,1728.2,0,Healthy
2025-08-03,Basin_B_Pad1,2.086,67.8,1768.0,0,Healthy
2025-08-04,Basin_B_Pad1,2.188,67.6,1754.0,0,Healthy
2025-08-05,Basin_B_Pad1,2.163,67.9,1738.6,0,Healthy
2025-08-06,Basin_B_Pad1,2.309,67.0,1731.8,0,Healthy
2025-08-07,Basin_B_Pad1,2.412,69.5,1761.5,0,Healthy
2025-08-08,Basin_B_Pad1,2.07,68.6,1757.0,0,Healthy
2025-08-09,Basin_B_Pad1,2.243,67.8,1805.0,0,Healthy
2025-08-10,Basin_B_Pad1,2.1,67.0,1790.0,0,Healthy
2025-08-11,Basin_B_Pad1,1.947,,1786.6,0,Healthy
2025-08-12,Basin_B_Pad1,2.294,66.7,1761.6,0,Healthy
2025-08-13,Basin_B_Pad1,1.992,67.3,1799.7,0,Healthy
2025-08-14,Basin_B_Pad1,2.179,68.2,1720.5,0,Healthy
2025-08-15,Basin_B_Pad1,2.247,67.7,1765.3,0,Healthy
2025-08-16,Basin_B_Pad1,2.17,67.8,1750.4,0,Healthy
2025-08-17,Basin_B_Pad1,1.963,68.1,1795.4,0,Healthy
2025-08-18,Basin_B_Pad1,2.077,68.5,1747.4,0,Healthy
2025-08-19,Basin_B_Pad1,2.116,71.0,1767.6,0,Healthy
2025-08-20,Basin_B_Pad1,2.166,67.0,1795.7,0,Healthy
2025-08-21,Basin_B_Pad1,2.087,68.1,1733.6,0,Healthy
2025-08-22,Basin_B_Pad1,2.139,66.2,1689.6,0,Healthy
2025-08-23,Basin_B_Pad1,2.3,68.3,1761.7,0,Healthy
2025-08-24,Basin_B_Pad1,2.113,69.3,1756.2,0,Healthy
2025-08-25,Basin_B_Pad1,2.059,72.1,1736.5,0,Healthy
2025-08-26,Basin_B_Pad1,2.211,67.9,1732.3,0,Healthy
2025-08-27,Basin_B_Pad1,2.064,69.4,1727.6,0,Healthy
2025-08-28,Basin_B_Pad1,2.294,66.6,1811.1,0,Healthy
2025-08-29,Basin_B_Pad1,2.226,66.2,1770.9,0,Healthy
2025-08-30,Basin_B_Pad1,2.413,70.4,1737.5,0,Degrading
2025-08-31,Basin_B_Pad1,2.687,70.1,1760.5,0,Degrading
2025-09-01,Basin_B_Pad1,2.85,73.7,1725.8,0,Degrading
2025-09-02,Basin_B_Pad1,3.586,71.3,1655.2,0,Degrading
2025-09-03,Basin_B_Pad1,3.428,73.1,1638.2,0,Degrading
2025-09-04,Basin_B_Pad1,3.788,77.8,1637.2,0,Degrading
2025-09-05,Basin_B_Pad1,3.991,76.9,1614.6,0,Degrading
2025-09-06,Basin_B_Pad1,4.253,74.9,1583.7,1,Failing
2025-09-07,Basin_B_Pad1,4.352,78.9,1515.2,1,Failing
2025-09-08,Basin_B_Pad1,4.311,75.7,1523.7,1,Failing
2025-09-09,Basin_B_Pad1,4.713,77.8,1526.6,1,Failing
2025-09-10,Basin_B_Pad1,4.597,79.9,1473.6,1,Failing
2025-09-11,Basin_B_Pad1,5.799,86.2,1467.8,1,Failing
2025-09-12,Basin_B_Pad1,6.046,80.6,1442.9,1,Failing
2025-09-13,Basin_B_Pad1,8.2,93.0,1250.0,1,Failure_Event
2025-09-14,Basin_B_Pad1,2.329,65.1,1791.1,0,Healthy
2025-09-15,Basin_B_Pad1,2.204,70.1,1744.6,0,Healthy
2025-09-16,Basin_B_Pad1,2.27,70.9,1724.5,0,Healthy
2025-09-17,Basin_B_Pad1,2.187,68.3,1747.0,0,Healthy
2025-09-18,Basin_B_Pad1,2.24,69.2,1769.0,0,Healthy
2025-09-19,Basin_B_Pad1,2.007,68.2,1743.7,0,Healthy
2025-09-20,Basin_B_Pad1,2.104,68.3,1732.1,0,Healthy
2025-09-21,Basin_B_Pad1,2.085,66.1,1746.2,0,Healthy
2025-09-22,Basin_B_Pad1,2.255,65.8,1760.9,0,Healthy
2025-09-23,Basin_B_Pad1,2.127,65.4,1720.7,0,Healthy
2025-09-24,Basin_B_Pad1,2.06,68.3,1762.9,0,Healthy
2025-09-25,Basin_B_Pad1,2.206,68.5,1730.7,0,Healthy
2025-09-26,Basin_B_Pad1,2.347,66.2,1753.9,0,Healthy
2025-09-27,Basin_B_Pad1,2.267,68.5,1768.2,0,Healthy
2025-09-28,Basin_B_Pad1,2.188,67.6,1748.1,0,Healthy
2025-09-29,Basin_B_Pad1,2.316,65.9,1734.9,0,Healthy
2025-09-30,Basin_B_Pad1,2.256,66.9,1773.3,0,Healthy
2025-10-01,Basin_B_Pad1,2.169,70.0,1742.7,0,Healthy
2025-10-02,Basin_B_Pad1,2.055,67.8,1753.7,0,Healthy
2025-10-03,Basin_B_Pad1,2.257,68.5,1716.3,0,Healthy
2025-10-04,Basin_B_Pad1,2.146,66.4,1792.0,0,Healthy
2025-10-05,Basin_B_Pad1,2.374,67.9,1747.7,0,Healthy
2025-10-06,Basin_B_Pad1,2.335,64.5,1755.9,0,Healthy
2025-10-07,Basin_B_Pad1,2.331,67.4,1778.9,0,Healthy
2025-10-08,Basin_B_Pad1,2.128,67.0,1748.5,0,Healthy
2025-10-09,Basin_B_Pad1,2.175,69.2,1760.2,0,Healthy
2025-10-10,Basin_B_Pad1,2.293,66.8,1770.4,0,Healthy
2025-10-11,Basin_B_Pad1,2.329,68.1,1762.2,0,Healthy
2025-10-12,Basin_B_Pad1,2.386,65.2,,0,Healthy
2025-10-13,Basin_B_Pad1,2.185,67.6,1727.2,0,Healthy
2025-10-14,Basin_B_Pad1,2.243,70.6,1784.5,0,Healthy
2025-10-15,Basin_B_Pad1,2.136,67.0,1794.1,0,Healthy
2025-10-16,Basin_B_Pad1,2.245,68.2,1782.5,0,Healthy
2025-10-17,Basin_B_Pad1,2.344,68.6,1756.1,0,Healthy
2025-10-18,Basin_B_Pad1,2.161,68.7,1717.2,0,Healthy
2025-10-19,Basin_B_Pad1,,68.9,1748.3,0,Healthy
2025-10-20,Basin_B_Pad1,2.145,66.6,1747.1,0,Healthy
2025-10-21,Basin_B_Pad1,2.212,68.8,1699.0,0,Healthy
2025-10-22,Basin_B_Pad1,2.262,68.5,1723.6,0,Healthy
2025-10-23,Basin_B_Pad1,2.178,67.7,1720.2,0,Healthy
2025-10-24,Basin_B_Pad1,2.276,67.3,1738.0,0,Healthy
2025-10-25,Basin_B_Pad1,2.262,68.2,1738.2,0,Healthy
2025-10-26,Basin_B_Pad1,2.062,68.1,1727.2,0,Healthy
2025-10-27,Basin_B_Pad1,2.228,68.1,1722.8,0,Healthy
2025-10-28,Basin_B_Pad1,2.195,67.9,1735.7,0,Healthy
2025-10-29,Basin_B_Pad1,2.283,67.4,1708.9,0,Healthy
2025-10-30,Basin_B_Pad1,2.436,66.4,1767.7,0,Degrading
2025-10-31,Basin_B_Pad1,2.564,68.6,1712.6,0,Degrading
2025-11-01,Basin_B_Pad1,3.021,71.7,1633.5,0,Degrading
2025-11-02,Basin_B_Pad1,2.902,68.9,1606.3,0,Degrading
2025-11-03,Basin_B_Pad1,3.272,74.3,1694.2,0,Degrading
2025-11-04,Basin_B_Pad1,3.353,73.4,1564.2,0,Degrading
2025-11-05,Basin_B_Pad1,4.16,77.4,1590.7,0,Degrading
2025-11-06,Basin_B_Pad1,4.114,78.6,1571.8,1,Failing
2025-11-07,Basin_B_Pad1,4.418,77.4,1521.3,1,Failing
2025-11-08,Basin_B_Pad1,4.707,78.7,1481.4,1,Failing
2025-11-09,Basin_B_Pad1,4.713,82.6,1444.4,1,Failing
2025-11-10,Basin_B_Pad1,5.057,81.5,1461.9,1,Failing
2025-11-11,Basin_B_Pad1,4.783,80.3,1399.5,1,Failing
2025-11-12,Basin_B_Pad1,6.107,84.2,1459.5,1,Failing
2025-11-13,Basin_B_Pad1,8.2,93.0,1250.0,1,Failure_Event
2025-11-14,Basin_B_Pad1,2.154,70.9,1730.5,0,Healthy
2025-11-15,Basin_B_Pad1,2.222,68.6,1718.3,0,Healthy
2025-11-16,Basin_B_Pad1,2.156,68.0,1748.5,0,Healthy
2025-11-17,Basin_B_Pad1,2.368,69.1,1778.6,0,Healthy
2025-11-18,Basin_B_Pad1,2.161,67.3,1730.6,0,Healthy
2025-11-19,Basin_B_Pad1,2.108,67.1,1753.6,0,Healthy
2025-11-20,Basin_B_Pad1,2.424,65.9,1752.8,0,Healthy
2025-11-21,Basin_B_Pad1,2.178,69.4,1736.8,0,Healthy
2025-11-22,Basin_B_Pad1,2.338,68.8,1730.6,0,Healthy
2025-11-23,Basin_B_Pad1,2.339,69.0,1713.0,0,Healthy
2025-11-24,Basin_B_Pad1,2.151,67.9,1780.5,0,Healthy
2025-11-25,Basin_B_Pad1,2.231,68.6,1781.1,0,Healthy
2025-11-26,Basin_B_Pad1,2.307,66.3,1735.3,0,Healthy
2025-11-27,Basin_B_Pad1,2.212,67.7,1720.5,0,Healthy
2025-11-28,Basin_B_Pad1,1.993,67.6,1779.5,0,Healthy
2025-11-29,Basin_B_Pad1,2.092,68.7,1781.4,0,Healthy
2025-11-30,Basin_B_Pad1,2.244,69.1,1741.3,0,Healthy
2025-12-01,Basin_B_Pad1,2.348,67.2,1709.7,0,Healthy
2025-12-02,Basin_B_Pad1,2.242,69.2,1767.6,0,Healthy
2025-12-03,Basin_B_Pad1,2.091,68.2,1781.8,0,Healthy
2025-12-04,Basin_B_Pad1,2.155,67.7,1737.9,0,Healthy
2025-12-05,Basin_B_Pad1,2.164,68.3,1764.9,0,Healthy
2025-12-06,Basin_B_Pad1,2.055,69.6,1795.7,0,Healthy
2025-12-07,Basin_B_Pad1,2.215,68.9,1744.8,0,Healthy
2025-12-08,Basin_B_Pad1,2.266,66.6,1783.0,0,Healthy
2025-12-09,Basin_B_Pad1,2.27,69.3,1704.3,0,Healthy
2025-12-10,Basin_B_Pad1,2.342,67.2,1769.4,0,Healthy
2025-12-11,Basin_B_Pad1,2.079,68.5,1713.4,0,Healthy
2025-12-12,Basin_B_Pad1,2.162,68.4,1791.8,0,Healthy
2025-12-13,Basin_B_Pad1,2.095,68.4,1762.6,0,Healthy
2025-12-14,Basin_B_Pad1,2.092,67.5,1784.8,0,Healthy
2025-12-15,Basin_B_Pad1,2.3,69.0,1756.1,0,Healthy
2025-12-16,Basin_B_Pad1,2.4,67.4,1786.2,0,Healthy
2025-12-17,Basin_B_Pad1,2.162,66.8,1775.6,0,Healthy
2025-12-18,Basin_B_Pad1,2.16,67.0,1783.6,0,Healthy
2025-12-19,Basin_B_Pad1,2.32,67.7,1763.2,0,Healthy
2025-12-20,Basin_B_Pad1,2.193,68.6,1735.2,0,Healthy
2025-12-21,Basin_B_Pad1,2.088,67.6,1767.4,0,Healthy
2025-12-22,Basin_B_Pad1,2.066,65.9,1752.8,0,Healthy
2025-12-23,Basin_B_Pad1,2.171,67.8,1724.4,0,Healthy
2025-12-24,Basin_B_Pad1,2.173,68.7,1756.7,0,Healthy
2025-12-25,Basin_B_Pad1,1.777,69.0,1740.3,0,Healthy
2025-12-26,Basin_B_Pad1,2.264,65.8,1789.2,0,Healthy
2025-12-27,Basin_B_Pad1,2.108,67.6,1754.0,0,Healthy
2025-12-28,Basin_B_Pad1,2.163,68.4,1742.2,0,Healthy
2025-12-29,Basin_B_Pad1,2.387,68.0,1745.4,0,Healthy
2025-12-30,Basin_B_Pad1,1.926,66.5,1730.2,0,Healthy
2025-12-31,Basin_B_Pad1,2.331,67.6,1783.3,0,Healthy
2026-01-01,Basin_B_Pad1,2.097,67.8,1756.8,0,Healthy
2026-01-02,Basin_B_Pad1,2.152,67.3,1803.8,0,Healthy
2026-01-03,Basin_B_Pad1,2.124,67.1,1748.8,0,Healthy
2026-01-04,Basin_B_Pad1,2.183,68.1,1787.2,0,Healthy
2026-01-05,Basin_B_Pad1,2.29,69.1,1736.4,0,Healthy
2026-01-06,Basin_B_Pad1,2.074,67.2,1792.7,0,Healthy
2026-01-07,Basin_B_Pad1,2.152,68.1,1747.3,0,Healthy
2026-01-08,Basin_B_Pad1,2.122,67.7,1767.3,0,Healthy
2026-01-09,Basin_B_Pad1,2.048,67.3,1780.5,0,Healthy
2026-01-10,Basin_B_Pad1,2.061,67.5,1802.5,0,Healthy
2026-01-11,Basin_B_Pad1,2.184,67.3,1730.6,0,Healthy
2026-01-12,Basin_B_Pad1,2.328,71.0,1721.3,0,Degrading
2026-01-13,Basin_B_Pad1,2.968,72.4,1708.1,0,Degrading
2026-01-14,Basin_B_Pad1,2.685,74.1,1627.9,0,Degrading
2026-01-15,Basin_B_Pad1,3.24,71.8,1759.3,0,Degrading
2026-01-16,Basin_B_Pad1,3.236,72.3,1656.9,0,Degrading
2026-01-17,Basin_B_Pad1,3.352,73.2,1581.9,0,Degrading
2026-01-18,Basin_B_Pad1,3.696,76.1,1625.6,0,Degrading
2026-01-19,Basin_B_Pad1,3.839,78.4,1576.4,1,Failing
2026-01-20,Basin_B_Pad1,4.632,78.1,1537.1,1,Failing
2026-01-21,Basin_B_Pad1,4.298,81.3,1508.4,1,Failing
2026-01-22,Basin_B_Pad1,4.541,80.3,1480.8,1,Failing
2026-01-23,Basin_B_Pad1,5.238,84.7,1471.3,1,Failing
2026-01-24,Basin_B_Pad1,5.414,78.5,1498.2,1,Failing
2026-01-25,Basin_B_Pad1,5.002,89.8,1468.1,1,Failing
2026-01-26,Basin_B_Pad1,8.2,93.0,1250.0,1,Failure_Event
2026-01-27,Basin_B_Pad1,2.173,67.6,1726.2,0,Healthy
2026-01-28,Basin_B_Pad1,2.356,67.5,1763.4,0,Healthy
2026-01-29,Basin_B_Pad1,2.016,67.4,1764.6,0,Healthy
2026-01-30,Basin_B_Pad1,2.296,68.5,1715.9,0,Healthy
2026-01-31,Basin_B_Pad1,2.039,68.0,1756.5,0,Healthy
2026-02-01,Basin_B_Pad1,2.312,67.5,1687.8,0,Healthy
2026-02-02,Basin_B_Pad1,2.289,68.8,1747.5,0,Healthy
2026-02-03,Basin_B_Pad1,2.163,69.6,1743.0,0,Healthy
2026-02-04,Basin_B_Pad1,2.27,66.5,1809.9,0,Healthy
2026-02-05,Basin_B_Pad1,2.11,66.8,1776.1,0,Healthy
2026-02-06,Basin_B_Pad1,2.235,68.5,1745.4,0,Healthy
2026-02-07,Basin_B_Pad1,2.27,69.1,1781.4,0,Healthy
2026-02-08,Basin_B_Pad1,2.248,68.0,1745.5,0,Healthy
2026-02-09,Basin_B_Pad1,2.325,69.1,1780.8,0,Healthy
2026-02-10,Basin_B_Pad1,2.132,69.9,1727.4,0,Healthy
2026-02-11,Basin_B_Pad1,2.258,70.7,1751.3,0,Healthy
2026-02-12,Basin_B_Pad1,2.447,71.0,1759.2,0,Healthy
2026-02-13,Basin_B_Pad1,2.196,69.9,1787.6,0,Healthy
2026-02-14,Basin_B_Pad1,2.167,66.7,1754.0,0,Healthy
2026-02-15,Basin_B_Pad1,2.372,68.2,1738.6,0,Healthy
2026-02-16,Basin_B_Pad1,2.177,65.8,1743.4,0,Healthy
2026-02-17,Basin_B_Pad1,2.136,66.3,1749.6,0,Healthy
2026-02-18,Basin_B_Pad1,2.169,68.4,1739.4,0,Healthy
2026-02-19,Basin_B_Pad1,2.215,67.5,1773.8,0,Healthy
2026-02-20,Basin_B_Pad1,2.288,66.4,1734.7,0,Healthy
2026-02-21,Basin_B_Pad1,2.036,68.3,1725.9,0,Healthy
2026-02-22,Basin_B_Pad1,2.137,67.2,1719.5,0,Healthy
2026-02-23,Basin_B_Pad1,2.34,67.7,1764.9,0,Healthy
2026-02-24,Basin_B_Pad1,2.025,68.6,1732.5,0,Healthy
2026-02-25,Basin_B_Pad1,2.23,67.9,1761.8,0,Healthy
2026-02-26,Basin_B_Pad1,2.404,66.2,1716.7,0,Healthy
2026-02-27,Basin_B_Pad1,2.23,69.1,1807.0,0,Healthy
2026-02-28,Basin_B_Pad1,2.449,66.8,1767.3,0,Healthy
2026-03-01,Basin_B_Pad1,2.256,68.6,1765.6,0,Healthy
2026-03-02,Basin_B_Pad1,2.276,69.4,1772.6,0,Healthy
2026-03-03,Basin_B_Pad1,2.226,69.2,1743.4,0,Healthy
2026-03-04,Basin_B_Pad1,2.181,66.8,1709.2,0,Healthy
2026-03-05,Basin_B_Pad1,2.051,66.5,1728.7,0,Healthy
2026-03-06,Basin_B_Pad1,2.312,68.3,1736.2,0,Healthy
2026-03-07,Basin_B_Pad1,2.176,68.6,1715.6,0,Healthy
2026-03-08,Basin_B_Pad1,1.959,,1753.3,0,Healthy
2026-03-09,Basin_B_Pad1,2.255,66.2,1740.6,0,Healthy
2026-03-10,Basin_B_Pad1,2.5,67.3,1756.8,0,Healthy
2026-03-11,Basin_B_Pad1,2.135,68.0,1723.6,0,Healthy
2026-03-12,Basin_B_Pad1,2.306,65.9,1738.1,0,Healthy
2026-03-13,Basin_B_Pad1,2.033,67.8,1776.9,0,Healthy
2026-03-14,Basin_B_Pad1,2.168,67.3,1790.2,0,Healthy
2026-03-15,Basin_B_Pad1,2.303,68.7,1789.8,0,Healthy
2026-03-16,Basin_B_Pad1,2.203,66.6,1762.7,0,Healthy
2026-03-17,Basin_B_Pad1,2.193,68.1,1765.4,0,Healthy
2026-03-18,Basin_B_Pad1,2.14,64.9,1786.0,0,Healthy
2026-03-19,Basin_B_Pad1,2.43,67.3,1725.7,0,Degrading
2026-03-20,Basin_B_Pad1,2.804,67.6,1699.9,0,Degrading
2026-03-21,Basin_B_Pad1,2.975,72.9,1647.5,0,Degrading
2026-03-22,Basin_B_Pad1,3.513,76.4,1666.9,0,Degrading
2026-03-23,Basin_B_Pad1,3.059,75.8,1613.7,0,Degrading
2026-03-24,Basin_B_Pad1,3.801,76.4,1584.1,0,Degrading
2026-03-25,Basin_B_Pad1,4.148,72.6,1587.3,0,Degrading
2026-03-26,Basin_B_Pad1,4.398,79.3,1533.3,1,Failing
2026-03-27,Basin_B_Pad1,4.693,76.4,1541.5,1,Failing
2026-03-28,Basin_B_Pad1,4.719,78.5,1457.4,1,Failing
2026-03-29,Basin_B_Pad1,4.425,84.1,1439.4,1,Failing
2026-03-30,Basin_B_Pad1,5.373,83.0,1462.3,1,Failing
2026-03-31,Basin_B_Pad1,4.882,81.7,1340.9,1,Failing
2026-04-01,Basin_B_Pad1,5.594,87.7,1402.0,1,Failing
2026-04-02,Basin_B_Pad1,8.2,93.0,1250.0,1,Failure_Event
2026-04-03,Basin_B_Pad1,2.409,68.8,1701.5,0,Healthy
2026-04-04,Basin_B_Pad1,2.241,68.6,1774.2,0,Healthy
2026-04-05,Basin_B_Pad1,2.174,67.1,1757.4,0,Healthy
2026-04-06,Basin_B_Pad1,2.163,70.5,1796.1,0,Healthy
2026-04-07,Basin_B_Pad1,2.462,68.9,,0,Healthy
2026-04-08,Basin_B_Pad1,2.362,70.4,1748.4,0,Healthy
2026-04-09,Basin_B_Pad1,2.225,67.2,1756.1,0,Healthy
2026-04-10,Basin_B_Pad1,2.407,69.4,1772.9,0,Healthy
2026-04-11,Basin_B_Pad1,2.254,67.0,1716.9,0,Healthy
2026-04-12,Basin_B_Pad1,1.936,66.1,1762.2,0,Healthy
2026-04-13,Basin_B_Pad1,2.186,67.1,1728.7,0,Healthy
2026-04-14,Basin_B_Pad1,2.017,70.0,1748.6,0,Healthy
2026-04-15,Basin_B_Pad1,2.285,67.5,1745.3,0,Healthy
2026-04-16,Basin_B_Pad1,2.289,66.5,1727.4,0,Healthy
2026-04-17,Basin_B_Pad1,2.39,69.8,1743.7,0,Healthy
2026-04-18,Basin_B_Pad1,2.274,68.0,1747.0,0,Healthy
2026-04-19,Basin_B_Pad1,2.35,67.3,1761.8,0,Healthy
2026-04-20,Basin_B_Pad1,2.158,69.2,1777.2,0,Healthy
2026-04-21,Basin_B_Pad1,2.313,69.3,1726.0,0,Healthy
2026-04-22,Basin_B_Pad1,2.207,69.7,1720.5,0,Healthy
2026-04-23,Basin_B_Pad1,2.262,69.2,1773.1,0,Healthy
2026-04-24,Basin_B_Pad1,2.333,68.8,1749.4,0,Healthy
2026-04-25,Basin_B_Pad1,2.287,68.2,1743.7,0,Healthy
2026-04-26,Basin_B_Pad1,2.102,67.4,1761.6,0,Healthy
2026-04-27,Basin_B_Pad1,2.23,66.0,1743.7,0,Healthy
2026-04-28,Basin_B_Pad1,2.134,67.6,1774.8,0,Healthy
2026-04-29,Basin_B_Pad1,2.211,69.3,1779.2,0,Healthy
2026-04-30,Basin_B_Pad1,2.241,69.6,1759.6,0,Healthy
2026-05-01,Basin_B_Pad1,2.316,68.7,1783.7,0,Healthy
2026-05-02,Basin_B_Pad1,2.298,67.9,1770.6,0,Healthy
2026-05-03,Basin_B_Pad1,2.241,68.6,1727.2,0,Healthy
2026-05-04,Basin_B_Pad1,2.272,67.4,1729.1,0,Healthy
2026-05-05,Basin_B_Pad1,2.094,66.6,1767.0,0,Healthy
2026-05-06,Basin_B_Pad1,2.258,67.6,1766.1,0,Healthy
2026-05-07,Basin_B_Pad1,2.106,68.9,1751.8,0,Healthy
2026-05-08,Basin_B_Pad1,2.257,67.0,1703.4,0,Healthy
2026-05-09,Basin_B_Pad1,2.411,69.4,1778.4,0,Healthy
2026-05-10,Basin_B_Pad1,2.174,68.4,,0,Healthy
2026-05-11,Basin_B_Pad1,2.092,68.6,1726.7,0,Healthy
2026-05-12,Basin_B_Pad1,2.338,68.1,1736.4,0,Degrading
2026-05-13,Basin_B_Pad1,2.671,69.0,1725.1,0,Degrading
2026-05-14,Basin_B_Pad1,2.853,69.9,1679.8,0,Degrading
2026-05-15,Basin_B_Pad1,3.264,69.7,1659.8,0,Degrading
2026-05-16,Basin_B_Pad1,3.537,75.5,1603.8,0,Degrading
2026-05-17,Basin_B_Pad1,3.827,76.6,1587.4,0,Degrading
2026-05-18,Basin_B_Pad1,3.738,75.7,1565.1,0,Degrading
2026-05-19,Basin_B_Pad1,4.126,77.9,1544.7,1,Failing
2026-05-20,Basin_B_Pad1,4.425,73.8,1481.2,1,Failing
2026-05-21,Basin_B_Pad1,4.972,80.5,1461.6,1,Failing
2026-05-22,Basin_B_Pad1,5.199,79.6,1502.8,1,Failing
2026-05-23,Basin_B_Pad1,4.897,78.7,1451.2,1,Failing
2026-05-24,Basin_B_Pad1,5.436,86.5,1456.8,1,Failing
2026-05-25,Basin_B_Pad1,4.756,79.9,1472.5,1,Failing
2026-05-26,Basin_B_Pad1,8.2,93.0,1250.0,1,Failure_Event
2026-05-27,Basin_B_Pad1,2.24,68.8,1774.9,0,Healthy
2026-05-28,Basin_B_Pad1,2.169,68.1,1733.2,0,Healthy
2026-05-29,Basin_B_Pad1,2.14,67.3,1738.8,0,Healthy
2026-05-30,Basin_B_Pad1,2.155,67.0,1779.5,0,Healthy
2026-05-31,Basin_B_Pad1,2.309,65.5,1746.1,0,Healthy
2026-06-01,Basin_B_Pad1,2.222,66.6,1781.0,0,Healthy
2026-06-02,Basin_B_Pad1,2.195,66.5,1738.2,0,Healthy
2026-06-03,Basin_B_Pad1,2.181,68.2,1779.5,0,Healthy
2026-06-04,Basin_B_Pad1,2.314,66.9,1750.0,0,Healthy
2026-06-05,Basin_B_Pad1,2.235,69.9,1737.7,0,Healthy
2026-06-06,Basin_B_Pad1,2.067,67.9,1746.8,0,Healthy
2026-06-07,Basin_B_Pad1,2.235,67.1,1731.3,0,Healthy
2026-06-08,Basin_B_Pad1,2.239,68.5,1713.2,0,Healthy
2026-06-09,Basin_B_Pad1,2.001,67.7,1765.1,0,Healthy
2026-06-10,Basin_B_Pad1,2.134,70.9,1780.2,0,Healthy
2026-06-11,Basin_B_Pad1,2.459,69.7,1781.3,0,Healthy
2026-06-12,Basin_B_Pad1,2.367,71.4,1751.7,0,Healthy
2026-06-13,Basin_B_Pad1,2.153,67.9,1787.6,0,Healthy
2026-06-14,Basin_B_Pad1,2.3,66.9,1742.6,0,Healthy
2026-06-15,Basin_B_Pad1,1.904,65.4,1724.7,0,Healthy
2026-06-16,Basin_B_Pad1,2.244,68.0,1734.7,0,Healthy
2026-06-17,Basin_B_Pad1,2.326,67.2,1790.8,0,Healthy
2026-06-18,Basin_B_Pad1,2.294,69.0,1739.2,0,Healthy
2026-06-19,Basin_B_Pad1,2.108,67.0,1737.0,0,Healthy
2026-06-20,Basin_B_Pad1,2.282,67.7,1767.5,0,Healthy
2026-06-21,Basin_B_Pad1,2.077,68.0,1721.4,0,Healthy
2026-06-22,Basin_B_Pad1,2.083,68.9,1749.1,0,Healthy
2026-06-23,Basin_B_Pad1,2.133,69.1,1746.6,0,Healthy
2026-06-24,Basin_B_Pad1,2.351,66.7,1772.6,0,Healthy
2026-06-25,Basin_B_Pad1,2.147,67.4,1754.7,0,Healthy
2026-06-26,Basin_B_Pad1,2.271,67.1,1745.7,0,Healthy
2026-06-27,Basin_B_Pad1,2.04,68.5,1799.2,0,Healthy
2026-06-28,Basin_B_Pad1,2.252,66.1,1736.4,0,Healthy
2026-06-29,Basin_B_Pad1,2.157,67.5,1757.6,0,Healthy
2026-06-30,Basin_B_Pad1,2.326,67.0,1751.2,0,Healthy
2025-07-01,Basin_B_Pad2,2.272,70.3,1660.1,0,Healthy
2025-07-02,Basin_B_Pad2,2.288,68.3,1702.7,0,Healthy
2025-07-03,Basin_B_Pad2,2.284,71.6,1719.5,0,Healthy
2025-07-04,Basin_B_Pad2,2.5,69.7,1705.6,0,Healthy
2025-07-05,Basin_B_Pad2,2.503,69.0,1731.3,0,Healthy
2025-07-06,Basin_B_Pad2,2.389,71.5,1756.9,0,Healthy
2025-07-07,Basin_B_Pad2,2.59,68.7,1730.7,0,Healthy
2025-07-08,Basin_B_Pad2,2.361,69.5,1693.8,0,Healthy
2025-07-09,Basin_B_Pad2,2.256,70.3,1681.7,0,Healthy
2025-07-10,Basin_B_Pad2,2.535,70.4,1634.1,0,Healthy
2025-07-11,Basin_B_Pad2,2.282,68.8,1682.2,0,Healthy
2025-07-12,Basin_B_Pad2,2.318,70.2,1695.6,0,Healthy
2025-07-13,Basin_B_Pad2,2.265,70.5,1722.7,0,Healthy
2025-07-14,Basin_B_Pad2,2.4,71.4,1710.6,0,Healthy
2025-07-15,Basin_B_Pad2,2.33,69.5,1699.8,0,Healthy
2025-07-16,Basin_B_Pad2,2.463,70.2,1724.5,0,Healthy
2025-07-17,Basin_B_Pad2,2.539,68.8,1670.4,0,Healthy
2025-07-18,Basin_B_Pad2,2.386,70.5,1722.7,0,Healthy
2025-07-19,Basin_B_Pad2,2.477,70.7,1676.2,0,Healthy
2025-07-20,Basin_B_Pad2,2.444,69.2,1710.2,0,Healthy
2025-07-21,Basin_B_Pad2,2.508,69.2,1693.7,0,Healthy
2025-07-22,Basin_B_Pad2,2.697,69.1,1687.0,0,Healthy
2025-07-23,Basin_B_Pad2,2.267,68.2,1724.9,0,Healthy
2025-07-24,Basin_B_Pad2,2.317,69.2,1679.5,0,Healthy
2025-07-25,Basin_B_Pad2,2.058,70.9,1685.7,0,Healthy
2025-07-26,Basin_B_Pad2,2.392,71.6,1696.0,0,Healthy
2025-07-27,Basin_B_Pad2,2.414,70.2,1732.0,0,Healthy
2025-07-28,Basin_B_Pad2,2.235,69.3,1644.8,0,Healthy
2025-07-29,Basin_B_Pad2,2.402,70.8,1689.1,0,Healthy
2025-07-30,Basin_B_Pad2,2.642,71.2,1749.5,0,Healthy
2025-07-31,Basin_B_Pad2,2.421,72.2,1687.4,0,Healthy
2025-08-01,Basin_B_Pad2,2.453,70.2,1690.0,0,Healthy
2025-08-02,Basin_B_Pad2,2.605,71.6,1683.7,0,Healthy
2025-08-03,Basin_B_Pad2,2.489,70.2,1705.4,0,Healthy
2025-08-04,Basin_B_Pad2,2.48,69.5,1706.4,0,Healthy
2025-08-05,Basin_B_Pad2,2.444,69.3,1688.9,0,Healthy
2025-08-06,Basin_B_Pad2,2.513,70.1,1761.4,0,Healthy
2025-08-07,Basin_B_Pad2,2.667,69.2,1709.2,0,Healthy
2025-08-08,Basin_B_Pad2,2.161,69.3,1678.1,0,Healthy
2025-08-09,Basin_B_Pad2,2.309,67.4,1707.0,0,Healthy
2025-08-10,Basin_B_Pad2,2.418,69.0,1698.1,0,Healthy
2025-08-11,Basin_B_Pad2,2.512,71.9,1666.4,0,Healthy
2025-08-12,Basin_B_Pad2,2.593,67.9,1679.1,0,Healthy
2025-08-13,Basin_B_Pad2,2.352,71.9,1715.1,0,Healthy
2025-08-14,Basin_B_Pad2,2.47,71.9,1705.6,0,Healthy
2025-08-15,Basin_B_Pad2,2.345,71.8,1694.3,0,Healthy
2025-08-16,Basin_B_Pad2,2.245,67.9,1703.9,0,Healthy
2025-08-17,Basin_B_Pad2,2.626,70.9,1701.1,0,Healthy
2025-08-18,Basin_B_Pad2,2.546,68.2,1710.8,0,Healthy
2025-08-19,Basin_B_Pad2,2.334,71.7,1678.7,0,Healthy
2025-08-20,Basin_B_Pad2,2.497,70.2,1700.3,0,Healthy
2025-08-21,Basin_B_Pad2,2.484,69.8,1736.2,0,Healthy
2025-08-22,Basin_B_Pad2,2.374,67.4,1736.4,0,Healthy
2025-08-23,Basin_B_Pad2,2.561,,1735.0,0,Healthy
2025-08-24,Basin_B_Pad2,2.483,69.0,1648.2,0,Healthy
2025-08-25,Basin_B_Pad2,2.273,69.6,1713.0,0,Healthy
2025-08-26,Basin_B_Pad2,2.227,68.9,1738.1,0,Healthy
2025-08-27,Basin_B_Pad2,2.314,69.1,1675.8,0,Healthy
2025-08-28,Basin_B_Pad2,2.802,72.9,1701.4,0,Degrading
2025-08-29,Basin_B_Pad2,2.95,74.7,1684.3,0,Degrading
2025-08-30,Basin_B_Pad2,3.138,75.1,1672.7,0,Degrading
2025-08-31,Basin_B_Pad2,3.179,74.9,1610.4,0,Degrading
2025-09-01,Basin_B_Pad2,3.32,73.8,1631.4,0,Degrading
2025-09-02,Basin_B_Pad2,4.102,73.9,1522.5,0,Degrading
2025-09-03,Basin_B_Pad2,4.132,75.3,1469.3,0,Degrading
2025-09-04,Basin_B_Pad2,4.785,77.2,1530.6,1,Failing
2025-09-05,Basin_B_Pad2,4.122,79.3,1529.8,1,Failing
2025-09-06,Basin_B_Pad2,4.315,80.7,1444.2,1,Failing
2025-09-07,Basin_B_Pad2,5.648,86.4,1481.9,1,Failing
2025-09-08,Basin_B_Pad2,4.659,85.1,1431.1,1,Failing
2025-09-09,Basin_B_Pad2,5.344,85.0,1466.8,1,Failing
2025-09-10,Basin_B_Pad2,5.439,83.8,1313.3,1,Failing
2025-09-11,Basin_B_Pad2,8.4,95.0,1200.0,1,Failure_Event
2025-09-12,Basin_B_Pad2,2.373,68.3,1666.2,0,Healthy
2025-09-13,Basin_B_Pad2,2.443,68.7,1686.8,0,Healthy
2025-09-14,Basin_B_Pad2,2.393,71.7,1740.3,0,Healthy
2025-09-15,Basin_B_Pad2,2.281,69.3,1675.0,0,Healthy
2025-09-16,Basin_B_Pad2,2.576,70.3,1709.9,0,Healthy
2025-09-17,Basin_B_Pad2,2.333,72.5,1659.2,0,Healthy
2025-09-18,Basin_B_Pad2,2.449,70.5,1662.1,0,Healthy
2025-09-19,Basin_B_Pad2,2.347,67.9,1727.7,0,Healthy
2025-09-20,Basin_B_Pad2,2.247,68.3,1718.5,0,Healthy
2025-09-21,Basin_B_Pad2,2.478,69.6,1685.7,0,Healthy
2025-09-22,Basin_B_Pad2,2.313,69.9,1686.3,0,Healthy
2025-09-23,Basin_B_Pad2,2.778,70.6,1708.2,0,Healthy
2025-09-24,Basin_B_Pad2,2.361,70.3,1700.3,0,Healthy
2025-09-25,Basin_B_Pad2,2.259,68.5,1709.3,0,Healthy
2025-09-26,Basin_B_Pad2,2.442,70.8,1715.0,0,Healthy
2025-09-27,Basin_B_Pad2,2.351,68.6,1684.3,0,Healthy
2025-09-28,Basin_B_Pad2,2.469,70.3,1695.7,0,Healthy
2025-09-29,Basin_B_Pad2,2.346,72.5,1732.6,0,Healthy
2025-09-30,Basin_B_Pad2,2.166,69.1,1714.8,0,Healthy
2025-10-01,Basin_B_Pad2,2.322,69.9,1694.3,0,Healthy
2025-10-02,Basin_B_Pad2,2.501,70.9,1672.9,0,Healthy
2025-10-03,Basin_B_Pad2,2.407,70.1,1699.1,0,Healthy
2025-10-04,Basin_B_Pad2,2.368,69.6,1703.7,0,Healthy
2025-10-05,Basin_B_Pad2,2.486,70.1,1714.0,0,Healthy
2025-10-06,Basin_B_Pad2,2.466,71.0,1692.8,0,Healthy
2025-10-07,Basin_B_Pad2,2.48,68.8,1701.6,0,Healthy
2025-10-08,Basin_B_Pad2,2.258,70.7,1711.7,0,Healthy
2025-10-09,Basin_B_Pad2,2.476,72.1,1770.2,0,Healthy
2025-10-10,Basin_B_Pad2,2.399,70.8,1688.5,0,Healthy
2025-10-11,Basin_B_Pad2,2.363,72.0,1717.7,0,Healthy
2025-10-12,Basin_B_Pad2,2.44,67.8,1716.8,0,Healthy
2025-10-13,Basin_B_Pad2,2.603,69.5,1712.5,0,Healthy
2025-10-14,Basin_B_Pad2,2.638,69.6,1716.1,0,Healthy
2025-10-15,Basin_B_Pad2,2.505,68.8,1714.6,0,Healthy
2025-10-16,Basin_B_Pad2,2.427,72.3,1705.5,0,Healthy
2025-10-17,Basin_B_Pad2,2.347,69.2,1716.0,0,Healthy
2025-10-18,Basin_B_Pad2,2.366,68.7,1678.8,0,Healthy
2025-10-19,Basin_B_Pad2,2.35,68.1,1662.5,0,Healthy
2025-10-20,Basin_B_Pad2,2.368,68.6,1687.2,0,Healthy
2025-10-21,Basin_B_Pad2,2.499,70.9,1688.0,0,Degrading
2025-10-22,Basin_B_Pad2,2.849,72.2,1668.1,0,Degrading
2025-10-23,Basin_B_Pad2,3.121,73.8,1616.1,0,Degrading
2025-10-24,Basin_B_Pad2,3.309,76.7,1575.3,0,Degrading
2025-10-25,Basin_B_Pad2,3.985,76.8,1642.3,0,Degrading
2025-10-26,Basin_B_Pad2,3.767,77.6,1536.8,0,Degrading
2025-10-27,Basin_B_Pad2,3.943,76.9,1521.6,0,Degrading
2025-10-28,Basin_B_Pad2,4.134,81.4,1556.2,1,Failing
2025-10-29,Basin_B_Pad2,4.139,82.4,1490.8,1,Failing
2025-10-30,Basin_B_Pad2,5.188,80.9,1474.6,1,Failing
2025-10-31,Basin_B_Pad2,5.093,82.7,1399.0,1,Failing
2025-11-01,Basin_B_Pad2,5.26,84.6,1442.5,1,Failing
2025-11-02,Basin_B_Pad2,5.218,86.4,1408.8,1,Failing
2025-11-03,Basin_B_Pad2,5.245,87.5,1322.9,1,Failing
2025-11-04,Basin_B_Pad2,8.4,95.0,1200.0,1,Failure_Event
2025-11-05,Basin_B_Pad2,2.544,67.9,1663.3,0,Healthy
2025-11-06,Basin_B_Pad2,2.241,71.4,1706.8,0,Healthy
2025-11-07,Basin_B_Pad2,2.596,68.2,1712.5,0,Healthy
2025-11-08,Basin_B_Pad2,2.433,71.9,1680.4,0,Healthy
2025-11-09,Basin_B_Pad2,2.662,70.3,1731.3,0,Healthy
2025-11-10,Basin_B_Pad2,2.626,71.0,1744.4,0,Healthy
2025-11-11,Basin_B_Pad2,2.402,71.2,1680.3,0,Healthy
2025-11-12,Basin_B_Pad2,2.303,71.4,1706.4,0,Healthy
2025-11-13,Basin_B_Pad2,2.335,71.6,1714.1,0,Healthy
2025-11-14,Basin_B_Pad2,2.344,69.9,1657.2,0,Healthy
2025-11-15,Basin_B_Pad2,2.174,67.7,1670.5,0,Healthy
2025-11-16,Basin_B_Pad2,2.226,69.6,1693.0,0,Healthy
2025-11-17,Basin_B_Pad2,2.307,69.4,1681.5,0,Healthy
2025-11-18,Basin_B_Pad2,2.058,69.4,1631.0,0,Healthy
2025-11-19,Basin_B_Pad2,2.479,69.7,1701.3,0,Healthy
2025-11-20,Basin_B_Pad2,2.272,70.1,1692.1,0,Healthy
2025-11-21,Basin_B_Pad2,2.416,69.5,1684.9,0,Healthy
2025-11-22,Basin_B_Pad2,2.179,71.2,1714.3,0,Healthy
2025-11-23,Basin_B_Pad2,2.42,69.5,1675.0,0,Healthy
2025-11-24,Basin_B_Pad2,2.406,70.0,1696.0,0,Healthy
2025-11-25,Basin_B_Pad2,2.276,68.4,1710.2,0,Healthy
2025-11-26,Basin_B_Pad2,2.406,70.1,1727.5,0,Healthy
2025-11-27,Basin_B_Pad2,2.587,72.4,1717.8,0,Healthy
2025-11-28,Basin_B_Pad2,2.374,69.2,1720.5,0,Healthy
2025-11-29,Basin_B_Pad2,2.31,71.4,1712.8,0,Healthy
2025-11-30,Basin_B_Pad2,2.307,70.2,1689.8,0,Healthy
2025-12-01,Basin_B_Pad2,2.623,67.6,1668.4,0,Healthy
2025-12-02,Basin_B_Pad2,2.401,70.6,1692.3,0,Healthy
2025-12-03,Basin_B_Pad2,2.465,70.6,1749.1,0,Healthy
2025-12-04,Basin_B_Pad2,2.466,69.4,1702.2,0,Healthy
2025-12-05,Basin_B_Pad2,2.484,70.8,1709.8,0,Healthy
2025-12-06,Basin_B_Pad2,2.505,69.0,1643.5,0,Healthy
2025-12-07,Basin_B_Pad2,2.419,69.4,1688.0,0,Healthy
2025-12-08,Basin_B_Pad2,2.695,68.9,1719.6,0,Healthy
2025-12-09,Basin_B_Pad2,2.463,70.1,1655.6,0,Healthy
2025-12-10,Basin_B_Pad2,2.483,70.2,1700.8,0,Healthy
2025-12-11,Basin_B_Pad2,2.403,67.8,1733.5,0,Healthy
2025-12-12,Basin_B_Pad2,2.35,68.2,1707.0,0,Healthy
2025-12-13,Basin_B_Pad2,2.211,68.9,1677.3,0,Healthy
2025-12-14,Basin_B_Pad2,2.431,69.5,1661.7,0,Healthy
2025-12-15,Basin_B_Pad2,2.327,69.1,1692.2,0,Healthy
2025-12-16,Basin_B_Pad2,2.352,72.1,1691.5,0,Healthy
2025-12-17,Basin_B_Pad2,2.572,70.7,1698.2,0,Healthy
2025-12-18,Basin_B_Pad2,2.463,69.4,1696.9,0,Healthy
2025-12-19,Basin_B_Pad2,2.497,68.5,1710.9,0,Healthy
2025-12-20,Basin_B_Pad2,2.634,70.7,1627.3,0,Degrading
2025-12-21,Basin_B_Pad2,2.731,75.5,1718.1,0,Degrading
2025-12-22,Basin_B_Pad2,2.816,73.6,1653.7,0,Degrading
2025-12-23,Basin_B_Pad2,3.26,76.7,1582.2,0,Degrading
2025-12-24,Basin_B_Pad2,3.281,74.5,1601.5,0,Degrading
2025-12-25,Basin_B_Pad2,3.853,75.9,1586.3,0,Degrading
2025-12-26,Basin_B_Pad2,4.19,78.3,1547.4,0,Degrading
2025-12-27,Basin_B_Pad2,4.449,78.8,1537.4,1,Failing
2025-12-28,Basin_B_Pad2,4.739,80.2,1477.2,1,Failing
2025-12-29,Basin_B_Pad2,4.593,82.0,1421.5,1,Failing
2025-12-30,Basin_B_Pad2,5.105,85.9,1473.7,1,Failing
2025-12-31,Basin_B_Pad2,5.399,,1452.3,1,Failing
2026-01-01,Basin_B_Pad2,5.729,86.2,1411.1,1,Failing
2026-01-02,Basin_B_Pad2,5.347,85.7,1363.9,1,Failing
2026-01-03,Basin_B_Pad2,8.4,95.0,1200.0,1,Failure_Event
2026-01-04,Basin_B_Pad2,2.452,72.2,1695.3,0,Healthy
2026-01-05,Basin_B_Pad2,2.364,66.9,1679.7,0,Healthy
2026-01-06,Basin_B_Pad2,2.3,69.9,1689.2,0,Healthy
2026-01-07,Basin_B_Pad2,2.368,70.6,1659.9,0,Healthy
2026-01-08,Basin_B_Pad2,2.624,71.5,1698.4,0,Healthy
2026-01-09,Basin_B_Pad2,2.445,70.1,1726.3,0,Healthy
2026-01-10,Basin_B_Pad2,2.319,68.0,1684.3,0,Healthy
2026-01-11,Basin_B_Pad2,2.318,69.8,1694.4,0,Healthy
2026-01-12,Basin_B_Pad2,2.36,68.5,1757.9,0,Healthy
2026-01-13,Basin_B_Pad2,2.265,71.0,1673.5,0,Healthy
2026-01-14,Basin_B_Pad2,2.437,69.6,1667.3,0,Healthy
2026-01-15,Basin_B_Pad2,2.218,68.3,1712.8,0,Healthy
2026-01-16,Basin_B_Pad2,2.379,70.0,1714.9,0,Healthy
2026-01-17,Basin_B_Pad2,2.443,68.6,1724.1,0,Healthy
2026-01-18,Basin_B_Pad2,2.459,69.0,1710.4,0,Healthy
2026-01-19,Basin_B_Pad2,2.447,70.6,1672.0,0,Healthy
2026-01-20,Basin_B_Pad2,2.382,68.9,1717.6,0,Healthy
2026-01-21,Basin_B_Pad2,2.421,67.0,1738.1,0,Healthy
2026-01-22,Basin_B_Pad2,2.315,68.8,1681.4,0,Healthy
2026-01-23,Basin_B_Pad2,2.321,69.5,1683.0,0,Healthy
2026-01-24,Basin_B_Pad2,2.531,,1676.2,0,Healthy
2026-01-25,Basin_B_Pad2,2.366,70.9,1725.5,0,Healthy
2026-01-26,Basin_B_Pad2,2.41,70.5,1694.5,0,Healthy
2026-01-27,Basin_B_Pad2,2.334,69.4,1716.1,0,Healthy
2026-01-28,Basin_B_Pad2,2.436,68.8,1689.9,0,Healthy
2026-01-29,Basin_B_Pad2,2.368,69.4,1673.6,0,Healthy
2026-01-30,Basin_B_Pad2,2.379,68.4,1704.9,0,Healthy
2026-01-31,Basin_B_Pad2,2.379,70.9,1708.3,0,Healthy
2026-02-01,Basin_B_Pad2,2.376,70.2,1709.9,0,Healthy
2026-02-02,Basin_B_Pad2,2.366,70.9,1719.1,0,Healthy
2026-02-03,Basin_B_Pad2,2.517,70.2,1728.2,0,Healthy
2026-02-04,Basin_B_Pad2,2.328,70.0,1691.6,0,Healthy
2026-02-05,Basin_B_Pad2,2.626,68.5,1712.6,0,Healthy
2026-02-06,Basin_B_Pad2,2.604,69.8,1690.4,0,Healthy
2026-02-07,Basin_B_Pad2,2.481,69.4,1695.8,0,Healthy
2026-02-08,Basin_B_Pad2,2.301,70.0,1720.8,0,Healthy
2026-02-09,Basin_B_Pad2,2.343,69.1,1698.9,0,Healthy
2026-02-10,Basin_B_Pad2,2.422,67.8,1679.8,0,Healthy
2026-02-11,Basin_B_Pad2,,69.3,1698.3,0,Healthy
2026-02-12,Basin_B_Pad2,2.363,68.1,1701.9,0,Healthy
2026-02-13,Basin_B_Pad2,2.18,69.0,1709.7,0,Healthy
2026-02-14,Basin_B_Pad2,2.547,71.1,1695.2,0,Healthy
2026-02-15,Basin_B_Pad2,2.545,71.7,1698.2,0,Healthy
2026-02-16,Basin_B_Pad2,2.474,70.8,1671.4,0,Healthy
2026-02-17,Basin_B_Pad2,2.169,72.5,1647.2,0,Healthy
2026-02-18,Basin_B_Pad2,2.415,70.8,1701.8,0,Healthy
2026-02-19,Basin_B_Pad2,2.487,72.2,1670.6,0,Healthy
2026-02-20,Basin_B_Pad2,2.425,69.0,1692.6,0,Healthy
2026-02-21,Basin_B_Pad2,2.723,68.4,1731.7,0,Healthy
2026-02-22,Basin_B_Pad2,2.401,70.2,1717.7,0,Healthy
2026-02-23,Basin_B_Pad2,2.553,70.4,1706.5,0,Healthy
2026-02-24,Basin_B_Pad2,2.371,70.6,1666.5,0,Healthy
2026-02-25,Basin_B_Pad2,2.128,70.8,1703.4,0,Healthy
2026-02-26,Basin_B_Pad2,2.395,69.3,1705.2,0,Healthy
2026-02-27,Basin_B_Pad2,2.39,68.7,1676.7,0,Healthy
2026-02-28,Basin_B_Pad2,2.463,71.2,1674.1,0,Degrading
2026-03-01,Basin_B_Pad2,2.588,70.8,1671.1,0,Degrading
2026-03-02,Basin_B_Pad2,3.208,74.4,1586.6,0,Degrading
2026-03-03,Basin_B_Pad2,3.473,75.2,1601.1,0,Degrading
2026-03-04,Basin_B_Pad2,3.479,77.7,1588.0,0,Degrading
2026-03-05,Basin_B_Pad2,3.583,73.5,1539.5,0,Degrading
2026-03-06,Basin_B_Pad2,4.283,79.3,1497.4,0,Degrading
2026-03-07,Basin_B_Pad2,4.045,80.3,1551.7,1,Failing
2026-03-08,Basin_B_Pad2,3.942,82.4,1508.7,1,Failing
2026-03-09,Basin_B_Pad2,4.497,80.5,1407.4,1,Failing
2026-03-10,Basin_B_Pad2,5.326,82.2,1371.9,1,Failing
2026-03-11,Basin_B_Pad2,5.765,83.5,1507.1,1,Failing
2026-03-12,Basin_B_Pad2,4.984,86.9,1341.2,1,Failing
2026-03-13,Basin_B_Pad2,5.778,84.6,1325.2,1,Failing
2026-03-14,Basin_B_Pad2,8.4,95.0,1200.0,1,Failure_Event
2026-03-15,Basin_B_Pad2,2.245,70.9,1647.4,0,Healthy
2026-03-16,Basin_B_Pad2,2.207,68.1,1709.7,0,Healthy
2026-03-17,Basin_B_Pad2,2.378,69.7,1718.5,0,Healthy
2026-03-18,Basin_B_Pad2,2.183,69.3,1637.7,0,Healthy
2026-03-19,Basin_B_Pad2,2.431,71.1,1705.9,0,Healthy
2026-03-20,Basin_B_Pad2,2.359,71.1,1687.1,0,Healthy
2026-03-21,Basin_B_Pad2,2.323,70.4,1687.4,0,Healthy
2026-03-22,Basin_B_Pad2,2.338,72.3,1682.4,0,Healthy
2026-03-23,Basin_B_Pad2,2.418,70.3,1686.3,0,Healthy
2026-03-24,Basin_B_Pad2,2.326,70.6,1729.8,0,Healthy
2026-03-25,Basin_B_Pad2,2.372,70.0,1702.5,0,Healthy
2026-03-26,Basin_B_Pad2,2.641,71.8,1739.2,0,Healthy
2026-03-27,Basin_B_Pad2,2.324,69.6,1716.2,0,Healthy
2026-03-28,Basin_B_Pad2,2.504,69.9,1686.9,0,Healthy
2026-03-29,Basin_B_Pad2,2.512,71.3,1657.4,0,Healthy
2026-03-30,Basin_B_Pad2,2.293,68.1,1672.6,0,Healthy
2026-03-31,Basin_B_Pad2,2.479,70.9,1709.2,0,Healthy
2026-04-01,Basin_B_Pad2,2.433,71.3,1684.4,0,Healthy
2026-04-02,Basin_B_Pad2,2.459,69.4,1714.8,0,Healthy
2026-04-03,Basin_B_Pad2,2.186,70.5,1676.5,0,Healthy
2026-04-04,Basin_B_Pad2,2.383,70.4,1680.5,0,Healthy
2026-04-05,Basin_B_Pad2,2.281,70.5,1729.6,0,Healthy
2026-04-06,Basin_B_Pad2,2.4,72.1,1730.1,0,Healthy
2026-04-07,Basin_B_Pad2,2.411,71.2,1725.2,0,Healthy
2026-04-08,Basin_B_Pad2,2.386,71.3,1706.4,0,Healthy
2026-04-09,Basin_B_Pad2,2.377,70.6,1742.7,0,Healthy
2026-04-10,Basin_B_Pad2,2.445,69.5,1712.8,0,Healthy
2026-04-11,Basin_B_Pad2,2.356,70.9,1722.6,0,Healthy
2026-04-12,Basin_B_Pad2,2.526,68.2,1717.9,0,Healthy
2026-04-13,Basin_B_Pad2,2.412,70.6,1700.3,0,Healthy
2026-04-14,Basin_B_Pad2,2.279,69.2,1660.6,0,Healthy
2026-04-15,Basin_B_Pad2,2.306,69.7,1654.8,0,Healthy
2026-04-16,Basin_B_Pad2,2.478,70.1,1704.9,0,Healthy
2026-04-17,Basin_B_Pad2,2.401,70.7,1701.6,0,Healthy
2026-04-18,Basin_B_Pad2,2.306,67.6,1722.9,0,Healthy
2026-04-19,Basin_B_Pad2,2.306,69.2,1701.5,0,Healthy
2026-04-20,Basin_B_Pad2,2.434,69.0,1680.4,0,Healthy
2026-04-21,Basin_B_Pad2,2.314,69.9,1722.3,0,Healthy
2026-04-22,Basin_B_Pad2,2.352,69.4,1683.0,0,Healthy
2026-04-23,Basin_B_Pad2,2.291,70.9,1735.4,0,Healthy
2026-04-24,Basin_B_Pad2,2.358,68.5,1691.8,0,Healthy
2026-04-25,Basin_B_Pad2,2.499,70.9,1692.5,0,Healthy
2026-04-26,Basin_B_Pad2,2.385,68.7,1691.1,0,Healthy
2026-04-27,Basin_B_Pad2,2.37,71.1,1713.8,0,Healthy
2026-04-28,Basin_B_Pad2,2.497,69.7,1673.5,0,Healthy
2026-04-29,Basin_B_Pad2,2.452,68.5,1706.8,0,Healthy
2026-04-30,Basin_B_Pad2,2.466,73.6,1690.8,0,Healthy
2026-05-01,Basin_B_Pad2,2.381,70.8,1726.6,0,Healthy
2026-05-02,Basin_B_Pad2,2.501,68.4,1711.0,0,Healthy
2026-05-03,Basin_B_Pad2,2.344,70.5,1678.5,0,Healthy
2026-05-04,Basin_B_Pad2,2.661,70.7,1701.7,0,Healthy
2026-05-05,Basin_B_Pad2,2.614,69.7,1690.4,0,Healthy
2026-05-06,Basin_B_Pad2,2.31,69.2,1746.0,0,Healthy
2026-05-07,Basin_B_Pad2,2.441,70.9,1748.8,0,Healthy
2026-05-08,Basin_B_Pad2,2.37,70.8,1676.2,0,Healthy
2026-05-09,Basin_B_Pad2,2.292,70.0,1724.7,0,Healthy
2026-05-10,Basin_B_Pad2,2.458,69.3,1675.3,0,Healthy
2026-05-11,Basin_B_Pad2,2.361,68.3,1686.9,0,Healthy
2026-05-12,Basin_B_Pad2,2.032,70.2,1726.1,0,Healthy
2026-05-13,Basin_B_Pad2,2.294,70.5,1737.6,0,Healthy
2026-05-14,Basin_B_Pad2,2.461,70.8,1665.5,0,Healthy
2026-05-15,Basin_B_Pad2,2.311,71.0,1722.5,0,Healthy
2026-05-16,Basin_B_Pad2,2.749,67.8,1711.6,0,Healthy
2026-05-17,Basin_B_Pad2,2.29,69.3,1688.4,0,Healthy
2026-05-18,Basin_B_Pad2,2.373,69.0,1703.8,0,Healthy
2026-05-19,Basin_B_Pad2,2.522,69.8,1682.8,0,Healthy
2026-05-20,Basin_B_Pad2,2.512,70.4,1690.3,0,Healthy
2026-05-21,Basin_B_Pad2,2.204,70.6,1742.1,0,Healthy
2026-05-22,Basin_B_Pad2,2.416,69.8,1668.2,0,Healthy
2026-05-23,Basin_B_Pad2,2.726,73.1,1691.0,0,Degrading
2026-05-24,Basin_B_Pad2,3.034,73.6,1689.8,0,Degrading
2026-05-25,Basin_B_Pad2,3.105,73.2,1666.6,0,Degrading
2026-05-26,Basin_B_Pad2,3.113,72.6,1628.4,0,Degrading
2026-05-27,Basin_B_Pad2,3.549,78.4,1530.6,0,Degrading
2026-05-28,Basin_B_Pad2,3.896,78.4,1554.2,0,Degrading
2026-05-29,Basin_B_Pad2,4.44,73.4,1533.8,0,Degrading
2026-05-30,Basin_B_Pad2,4.528,79.7,1555.2,1,Failing
2026-05-31,Basin_B_Pad2,4.656,81.5,1531.7,1,Failing
2026-06-01,Basin_B_Pad2,4.683,78.5,1528.2,1,Failing
2026-06-02,Basin_B_Pad2,5.174,82.9,1507.6,1,Failing
2026-06-03,Basin_B_Pad2,5.426,81.6,1500.4,1,Failing
2026-06-04,Basin_B_Pad2,5.125,84.3,1342.2,1,Failing
2026-06-05,Basin_B_Pad2,5.56,84.2,1350.3,1,Failing
2026-06-06,Basin_B_Pad2,8.4,95.0,1200.0,1,Failure_Event
2026-06-07,Basin_B_Pad2,2.24,68.3,1702.9,0,Healthy
2026-06-08,Basin_B_Pad2,2.305,69.8,1674.4,0,Healthy
2026-06-09,Basin_B_Pad2,2.395,69.5,1745.1,0,Healthy
2026-06-10,Basin_B_Pad2,2.211,68.9,1715.1,0,Healthy
2026-06-11,Basin_B_Pad2,2.241,68.9,1677.7,0,Healthy
2026-06-12,Basin_B_Pad2,2.521,68.9,1716.9,0,Healthy
2026-06-13,Basin_B_Pad2,2.535,71.8,1736.6,0,Healthy
2026-06-14,Basin_B_Pad2,2.17,71.8,1685.6,0,Healthy
2026-06-15,Basin_B_Pad2,2.396,70.6,1730.7,0,Healthy
2026-06-16,Basin_B_Pad2,2.344,70.3,1657.3,0,Healthy
2026-06-17,Basin_B_Pad2,2.296,69.4,1739.5,0,Healthy
2026-06-18,Basin_B_Pad2,2.561,69.3,1755.1,0,Healthy
2026-06-19,Basin_B_Pad2,2.32,70.5,1703.4,0,Healthy
2026-06-20,Basin_B_Pad2,2.42,70.2,1702.3,0,Healthy
2026-06-21,Basin_B_Pad2,2.44,70.0,1675.2,0,Healthy
2026-06-22,Basin_B_Pad2,2.458,69.1,1661.1,0,Healthy
2026-06-23,Basin_B_Pad2,2.489,71.5,1681.2,0,Healthy
2026-06-24,Basin_B_Pad2,2.527,70.2,1662.8,0,Healthy
2026-06-25,Basin_B_Pad2,2.319,70.6,1681.3,0,Healthy
2026-06-26,Basin_B_Pad2,2.548,67.8,1681.6,0,Healthy
2026-06-27,Basin_B_Pad2,2.394,71.7,1681.4,0,Healthy
2026-06-28,Basin_B_Pad2,2.54,71.0,1712.9,0,Healthy
2026-06-29,Basin_B_Pad2,2.277,71.6,1660.1,0,Healthy
2026-06-30,Basin_B_Pad2,2.51,69.0,1742.1,0,Healthy
2025-07-01,Basin_B_Pad3,2.034,67.1,1773.9,0,Healthy
2025-07-02,Basin_B_Pad3,1.98,63.8,1770.8,0,Healthy
2025-07-03,Basin_B_Pad3,1.966,63.8,1827.6,0,Healthy
2025-07-04,Basin_B_Pad3,1.863,68.0,1857.5,0,Healthy
2025-07-05,Basin_B_Pad3,2.113,65.5,1797.1,0,Healthy
2025-07-06,Basin_B_Pad3,1.991,66.2,1799.6,0,Healthy
2025-07-07,Basin_B_Pad3,1.948,67.9,1782.2,0,Healthy
2025-07-08,Basin_B_Pad3,2.137,67.6,1744.9,0,Healthy
2025-07-09,Basin_B_Pad3,1.949,66.4,1789.9,0,Healthy
2025-07-10,Basin_B_Pad3,2.073,65.9,1774.1,0,Healthy
2025-07-11,Basin_B_Pad3,1.985,64.4,1761.5,0,Healthy
2025-07-12,Basin_B_Pad3,2.116,66.5,1748.3,0,Healthy
2025-07-13,Basin_B_Pad3,2.31,68.8,1785.2,0,Healthy
2025-07-14,Basin_B_Pad3,2.003,65.8,1799.9,0,Healthy
2025-07-15,Basin_B_Pad3,2.088,68.3,1772.7,0,Healthy
2025-07-16,Basin_B_Pad3,2.214,66.6,1836.8,0,Healthy
2025-07-17,Basin_B_Pad3,2.15,66.6,1758.6,0,Healthy
2025-07-18,Basin_B_Pad3,2.069,64.4,1861.6,0,Healthy
2025-07-19,Basin_B_Pad3,2.108,65.8,1781.1,0,Healthy
2025-07-20,Basin_B_Pad3,2.15,66.7,1735.5,0,Healthy
2025-07-21,Basin_B_Pad3,2.257,66.1,1779.0,0,Healthy
2025-07-22,Basin_B_Pad3,2.321,66.3,1760.5,0,Healthy
2025-07-23,Basin_B_Pad3,1.998,67.0,1782.1,0,Healthy
2025-07-24,Basin_B_Pad3,2.119,64.5,1784.7,0,Healthy
2025-07-25,Basin_B_Pad3,2.021,65.0,1813.0,0,Healthy
2025-07-26,Basin_B_Pad3,2.137,65.7,1805.6,0,Healthy
2025-07-27,Basin_B_Pad3,2.331,64.2,1804.3,0,Healthy
2025-07-28,Basin_B_Pad3,2.133,65.9,1816.1,0,Healthy
2025-07-29,Basin_B_Pad3,2.206,65.5,1812.5,0,Healthy
2025-07-30,Basin_B_Pad3,2.079,66.0,1747.1,0,Healthy
2025-07-31,Basin_B_Pad3,2.107,66.8,1772.2,0,Healthy
2025-08-01,Basin_B_Pad3,2.106,67.6,1776.7,0,Healthy
2025-08-02,Basin_B_Pad3,2.025,68.1,1762.4,0,Healthy
2025-08-03,Basin_B_Pad3,1.811,64.5,1773.7,0,Healthy
2025-08-04,Basin_B_Pad3,1.954,64.6,1767.7,0,Healthy
2025-08-05,Basin_B_Pad3,2.079,65.7,1779.9,0,Healthy
2025-08-06,Basin_B_Pad3,2.234,70.0,1810.5,0,Healthy
2025-08-07,Basin_B_Pad3,2.183,65.2,1782.8,0,Healthy
2025-08-08,Basin_B_Pad3,1.973,66.0,1752.8,0,Healthy
2025-08-09,Basin_B_Pad3,2.234,68.6,1804.9,0,Healthy
2025-08-10,Basin_B_Pad3,2.427,64.7,1802.8,0,Healthy
2025-08-11,Basin_B_Pad3,2.089,66.2,1753.4,0,Healthy
2025-08-12,Basin_B_Pad3,2.096,65.9,1762.8,0,Healthy
2025-08-13,Basin_B_Pad3,2.241,66.9,1810.8,0,Healthy
2025-08-14,Basin_B_Pad3,2.039,65.2,1751.0,0,Healthy
2025-08-15,Basin_B_Pad3,2.204,67.2,1779.8,0,Healthy
2025-08-16,Basin_B_Pad3,2.016,66.1,1792.9,0,Healthy
2025-08-17,Basin_B_Pad3,2.167,65.7,1809.0,0,Healthy
2025-08-18,Basin_B_Pad3,2.26,64.9,1788.6,0,Healthy
2025-08-19,Basin_B_Pad3,2.113,64.5,1766.4,0,Healthy
2025-08-20,Basin_B_Pad3,2.135,67.5,1762.7,0,Healthy
2025-08-21,Basin_B_Pad3,2.057,65.8,1770.0,0,Healthy
2025-08-22,Basin_B_Pad3,1.928,67.0,1774.9,0,Healthy
2025-08-23,Basin_B_Pad3,2.158,66.9,1769.6,0,Healthy
2025-08-24,Basin_B_Pad3,1.984,65.2,1767.6,0,Healthy
2025-08-25,Basin_B_Pad3,2.002,65.7,1744.4,0,Healthy
2025-08-26,Basin_B_Pad3,2.047,65.3,1786.7,0,Healthy
2025-08-27,Basin_B_Pad3,2.163,68.2,1810.8,0,Healthy
2025-08-28,Basin_B_Pad3,2.187,66.1,1782.8,0,Healthy
2025-08-29,Basin_B_Pad3,2.151,65.8,1782.4,0,Healthy
2025-08-30,Basin_B_Pad3,2.004,66.5,1758.6,0,Healthy
2025-08-31,Basin_B_Pad3,2.05,65.4,1845.7,0,Healthy
2025-09-01,Basin_B_Pad3,2.661,68.3,1719.0,0,Degrading
2025-09-02,Basin_B_Pad3,2.501,68.3,1766.7,0,Degrading
2025-09-03,Basin_B_Pad3,3.063,70.6,1706.0,0,Degrading
2025-09-04,Basin_B_Pad3,2.85,70.2,1670.1,0,Degrading
2025-09-05,Basin_B_Pad3,3.044,71.7,1682.9,0,Degrading
2025-09-06,Basin_B_Pad3,3.728,74.7,1624.1,0,Degrading
2025-09-07,Basin_B_Pad3,3.318,71.8,1586.7,0,Degrading
2025-09-08,Basin_B_Pad3,3.724,73.0,1556.0,1,Failing
2025-09-09,Basin_B_Pad3,4.17,77.0,1516.1,1,Failing
2025-09-10,Basin_B_Pad3,4.757,77.9,1485.4,1,Failing
2025-09-11,Basin_B_Pad3,4.725,74.2,1499.7,1,Failing
2025-09-12,Basin_B_Pad3,4.853,80.8,1567.6,1,Failing
2025-09-13,Basin_B_Pad3,5.557,75.8,1411.2,1,Failing
2025-09-14,Basin_B_Pad3,5.641,79.7,1412.2,1,Failing
2025-09-15,Basin_B_Pad3,8.1,91.0,1280.0,1,Failure_Event
2025-09-16,Basin_B_Pad3,2.171,65.2,1788.0,0,Healthy
2025-09-17,Basin_B_Pad3,2.078,65.7,1766.9,0,Healthy
2025-09-18,Basin_B_Pad3,2.114,65.6,1788.1,0,Healthy
2025-09-19,Basin_B_Pad3,1.925,64.2,1800.7,0,Healthy
2025-09-20,Basin_B_Pad3,1.967,66.5,1760.2,0,Healthy
2025-09-21,Basin_B_Pad3,2.141,67.5,1783.7,0,Healthy
2025-09-22,Basin_B_Pad3,2.081,66.3,1798.2,0,Healthy
2025-09-23,Basin_B_Pad3,1.967,67.5,1762.7,0,Healthy
2025-09-24,Basin_B_Pad3,2.127,68.0,1754.5,0,Healthy
2025-09-25,Basin_B_Pad3,2.019,65.6,1798.9,0,Healthy
2025-09-26,Basin_B_Pad3,2.036,64.9,1780.6,0,Healthy
2025-09-27,Basin_B_Pad3,2.077,64.5,1791.2,0,Healthy
2025-09-28,Basin_B_Pad3,2.205,64.2,1746.1,0,Healthy
2025-09-29,Basin_B_Pad3,2.071,66.1,1781.5,0,Healthy
2025-09-30,Basin_B_Pad3,2.438,66.6,1813.9,0,Healthy
2025-10-01,Basin_B_Pad3,2.294,66.3,1762.5,0,Healthy
2025-10-02,Basin_B_Pad3,2.039,65.5,1822.3,0,Healthy
2025-10-03,Basin_B_Pad3,2.268,66.2,1759.7,0,Healthy
2025-10-04,Basin_B_Pad3,2.106,66.1,1765.6,0,Healthy
2025-10-05,Basin_B_Pad3,2.008,64.8,1839.7,0,Healthy
2025-10-06,Basin_B_Pad3,2.112,66.3,1795.9,0,Healthy
2025-10-07,Basin_B_Pad3,2.068,65.9,1751.8,0,Healthy
2025-10-08,Basin_B_Pad3,2.147,66.7,1778.1,0,Healthy
2025-10-09,Basin_B_Pad3,2.181,65.8,1815.2,0,Healthy
2025-10-10,Basin_B_Pad3,2.275,66.8,1786.2,0,Healthy
2025-10-11,Basin_B_Pad3,2.166,65.0,1791.6,0,Healthy
2025-10-12,Basin_B_Pad3,2.342,64.7,1779.7,0,Healthy
2025-10-13,Basin_B_Pad3,2.126,66.3,1739.4,0,Healthy
2025-10-14,Basin_B_Pad3,,67.4,1792.1,0,Healthy
2025-10-15,Basin_B_Pad3,1.999,64.2,1748.4,0,Healthy
2025-10-16,Basin_B_Pad3,2.21,66.1,1791.7,0,Healthy
2025-10-17,Basin_B_Pad3,2.115,65.3,1770.5,0,Healthy
2025-10-18,Basin_B_Pad3,1.972,64.7,1773.1,0,Healthy
2025-10-19,Basin_B_Pad3,1.835,66.4,1768.0,0,Healthy
2025-10-20,Basin_B_Pad3,2.063,65.6,1814.0,0,Healthy
2025-10-21,Basin_B_Pad3,1.923,66.9,1788.5,0,Healthy
2025-10-22,Basin_B_Pad3,2.363,67.4,1812.5,0,Degrading
2025-10-23,Basin_B_Pad3,2.653,69.9,1712.6,0,Degrading
2025-10-24,Basin_B_Pad3,2.579,70.3,1687.4,0,Degrading
2025-10-25,Basin_B_Pad3,2.866,69.6,1701.2,0,Degrading
2025-10-26,Basin_B_Pad3,3.263,70.0,1631.0,0,Degrading
2025-10-27,Basin_B_Pad3,3.681,72.1,1689.5,0,Degrading
2025-10-28,Basin_B_Pad3,3.448,74.6,1645.7,0,Degrading
2025-10-29,Basin_B_Pad3,4.217,76.0,1562.9,1,Failing
2025-10-30,Basin_B_Pad3,4.287,76.4,1603.2,1,Failing
2025-10-31,Basin_B_Pad3,,75.5,1524.0,1,Failing
2025-11-01,Basin_B_Pad3,4.583,80.9,1468.3,1,Failing
2025-11-02,Basin_B_Pad3,4.32,76.5,1436.3,1,Failing
2025-11-03,Basin_B_Pad3,5.061,85.0,1495.4,1,Failing
2025-11-04,Basin_B_Pad3,4.881,83.7,1387.1,1,Failing
2025-11-05,Basin_B_Pad3,8.1,91.0,1280.0,1,Failure_Event
2025-11-06,Basin_B_Pad3,1.842,66.3,1781.4,0,Healthy
2025-11-07,Basin_B_Pad3,2.071,66.2,1808.7,0,Healthy
2025-11-08,Basin_B_Pad3,2.208,65.8,1789.7,0,Healthy
2025-11-09,Basin_B_Pad3,2.097,66.3,1759.7,0,Healthy
2025-11-10,Basin_B_Pad3,2.174,63.6,1804.4,0,Healthy
2025-11-11,Basin_B_Pad3,1.78,67.0,1754.6,0,Healthy
2025-11-12,Basin_B_Pad3,2.025,65.4,1766.8,0,Healthy
2025-11-13,Basin_B_Pad3,2.248,63.5,1753.5,0,Healthy
2025-11-14,Basin_B_Pad3,2.197,66.2,1801.9,0,Healthy
2025-11-15,Basin_B_Pad3,1.996,65.9,1773.9,0,Healthy
2025-11-16,Basin_B_Pad3,2.161,65.7,1769.6,0,Healthy
2025-11-17,Basin_B_Pad3,2.203,65.3,1786.7,0,Healthy
2025-11-18,Basin_B_Pad3,2.102,65.7,1820.4,0,Healthy
2025-11-19,Basin_B_Pad3,2.09,65.7,1744.9,0,Healthy
2025-11-20,Basin_B_Pad3,2.127,64.9,1791.3,0,Healthy
2025-11-21,Basin_B_Pad3,2.256,66.4,1800.4,0,Healthy
2025-11-22,Basin_B_Pad3,2.057,63.3,1774.8,0,Healthy
2025-11-23,Basin_B_Pad3,1.879,65.3,1791.3,0,Healthy
2025-11-24,Basin_B_Pad3,1.947,65.3,1756.5,0,Healthy
2025-11-25,Basin_B_Pad3,2.142,65.3,1790.4,0,Healthy
2025-11-26,Basin_B_Pad3,2.104,66.2,1761.2,0,Healthy
2025-11-27,Basin_B_Pad3,1.958,64.2,1779.4,0,Healthy
2025-11-28,Basin_B_Pad3,2.114,65.8,1748.2,0,Healthy
2025-11-29,Basin_B_Pad3,2.226,63.6,1795.7,0,Healthy
2025-11-30,Basin_B_Pad3,2.189,64.3,1767.9,0,Healthy
2025-12-01,Basin_B_Pad3,2.061,65.2,1722.7,0,Healthy
2025-12-02,Basin_B_Pad3,2.356,65.0,1780.6,0,Healthy
2025-12-03,Basin_B_Pad3,2.186,65.3,1770.4,0,Healthy
2025-12-04,Basin_B_Pad3,1.961,65.8,1769.6,0,Healthy
2025-12-05,Basin_B_Pad3,2.127,65.9,1764.4,0,Healthy
2025-12-06,Basin_B_Pad3,1.898,67.7,1812.2,0,Healthy
2025-12-07,Basin_B_Pad3,2.117,63.8,1775.7,0,Healthy
2025-12-08,Basin_B_Pad3,2.133,66.0,1764.5,0,Healthy
2025-12-09,Basin_B_Pad3,1.952,68.0,1775.6,0,Healthy
2025-12-10,Basin_B_Pad3,2.037,66.2,1771.9,0,Healthy
2025-12-11,Basin_B_Pad3,2.005,66.1,1743.6,0,Healthy
2025-12-12,Basin_B_Pad3,2.1,67.3,1780.2,0,Healthy
2025-12-13,Basin_B_Pad3,2.282,67.3,1731.8,0,Healthy
2025-12-14,Basin_B_Pad3,2.056,66.5,1771.4,0,Healthy
2025-12-15,Basin_B_Pad3,2.077,67.6,1817.2,0,Healthy
2025-12-16,Basin_B_Pad3,2.251,65.2,1771.8,0,Healthy
2025-12-17,Basin_B_Pad3,1.93,67.5,1776.3,0,Healthy
2025-12-18,Basin_B_Pad3,2.223,64.9,1809.3,0,Healthy
2025-12-19,Basin_B_Pad3,2.083,64.6,1796.0,0,Healthy
2025-12-20,Basin_B_Pad3,2.071,65.0,1798.7,0,Healthy
2025-12-21,Basin_B_Pad3,2.313,67.1,1708.7,0,Degrading
2025-12-22,Basin_B_Pad3,2.218,68.0,1748.1,0,Degrading
2025-12-23,Basin_B_Pad3,2.931,70.0,1702.5,0,Degrading
2025-12-24,Basin_B_Pad3,2.869,70.3,1687.3,0,Degrading
2025-12-25,Basin_B_Pad3,3.302,70.0,1660.1,0,Degrading
2025-12-26,Basin_B_Pad3,3.446,76.0,1529.1,0,Degrading
2025-12-27,Basin_B_Pad3,3.635,75.0,1605.2,0,Degrading
2025-12-28,Basin_B_Pad3,4.136,74.8,1678.8,1,Failing
2025-12-29,Basin_B_Pad3,3.75,76.9,1558.0,1,Failing
2025-12-30,Basin_B_Pad3,4.783,75.5,1558.4,1,Failing
2025-12-31,Basin_B_Pad3,5.245,76.1,1483.9,1,Failing
2026-01-01,Basin_B_Pad3,4.846,77.6,1393.2,1,Failing
2026-01-02,Basin_B_Pad3,4.787,84.7,1390.3,1,Failing
2026-01-03,Basin_B_Pad3,5.213,82.7,1440.4,1,Failing
2026-01-04,Basin_B_Pad3,8.1,91.0,1280.0,1,Failure_Event
2026-01-05,Basin_B_Pad3,2.022,66.0,1791.7,0,Healthy
2026-01-06,Basin_B_Pad3,2.241,65.3,1777.0,0,Healthy
2026-01-07,Basin_B_Pad3,2.24,68.7,1820.4,0,Healthy
2026-01-08,Basin_B_Pad3,2.034,64.2,1808.1,0,Healthy
2026-01-09,Basin_B_Pad3,2.16,,1732.4,0,Healthy
2026-01-10,Basin_B_Pad3,1.871,66.8,1771.7,0,Healthy
2026-01-11,Basin_B_Pad3,2.197,65.8,1818.3,0,Healthy
2026-01-12,Basin_B_Pad3,2.067,64.5,1808.1,0,Healthy
2026-01-13,Basin_B_Pad3,2.161,66.9,1741.3,0,Healthy
2026-01-14,Basin_B_Pad3,2.194,66.1,1762.8,0,Healthy
2026-01-15,Basin_B_Pad3,2.079,64.5,1782.8,0,Healthy
2026-01-16,Basin_B_Pad3,2.039,67.4,1832.3,0,Healthy
2026-01-17,Basin_B_Pad3,2.237,66.0,1781.3,0,Healthy
2026-01-18,Basin_B_Pad3,2.177,65.2,1801.9,0,Healthy
2026-01-19,Basin_B_Pad3,2.194,65.7,1774.2,0,Healthy
2026-01-20,Basin_B_Pad3,2.177,64.8,1770.7,0,Healthy
2026-01-21,Basin_B_Pad3,2.004,66.4,1809.0,0,Healthy
2026-01-22,Basin_B_Pad3,2.018,65.3,1764.9,0,Healthy
2026-01-23,Basin_B_Pad3,2.227,65.2,1786.8,0,Healthy
2026-01-24,Basin_B_Pad3,2.118,67.1,1829.4,0,Healthy
2026-01-25,Basin_B_Pad3,1.98,66.6,1811.8,0,Healthy
2026-01-26,Basin_B_Pad3,2.169,68.1,1774.5,0,Healthy
2026-01-27,Basin_B_Pad3,2.206,64.8,1761.4,0,Healthy
2026-01-28,Basin_B_Pad3,2.117,63.7,1808.4,0,Healthy
2026-01-29,Basin_B_Pad3,2.013,66.0,1769.2,0,Healthy
2026-01-30,Basin_B_Pad3,2.169,67.0,1825.6,0,Healthy
2026-01-31,Basin_B_Pad3,2.042,66.8,1800.2,0,Healthy
2026-02-01,Basin_B_Pad3,2.0,66.4,1778.5,0,Healthy
2026-02-02,Basin_B_Pad3,2.166,67.6,1800.4,0,Healthy
2026-02-03,Basin_B_Pad3,1.963,64.3,1762.3,0,Healthy
2026-02-04,Basin_B_Pad3,2.19,65.6,1819.9,0,Healthy
2026-02-05,Basin_B_Pad3,2.024,67.1,1767.7,0,Healthy
2026-02-06,Basin_B_Pad3,2.3,66.8,1729.1,0,Healthy
2026-02-07,Basin_B_Pad3,2.148,65.8,1774.2,0,Healthy
2026-02-08,Basin_B_Pad3,1.919,66.6,1780.3,0,Healthy
2026-02-09,Basin_B_Pad3,1.883,61.9,1816.8,0,Healthy
2026-02-10,Basin_B_Pad3,1.954,67.6,1720.4,0,Healthy
2026-02-11,Basin_B_Pad3,2.109,67.3,1731.4,0,Healthy
2026-02-12,Basin_B_Pad3,1.959,66.1,1780.1,0,Healthy
2026-02-13,Basin_B_Pad3,2.084,64.8,1815.8,0,Healthy
2026-02-14,Basin_B_Pad3,1.815,64.8,1783.7,0,Healthy
2026-02-15,Basin_B_Pad3,2.095,64.0,1800.6,0,Healthy
2026-02-16,Basin_B_Pad3,2.028,66.0,1787.5,0,Healthy
2026-02-17,Basin_B_Pad3,2.011,65.2,1778.2,0,Healthy
2026-02-18,Basin_B_Pad3,2.253,68.9,1771.1,0,Degrading
2026-02-19,Basin_B_Pad3,2.702,68.2,1784.7,0,Degrading
2026-02-20,Basin_B_Pad3,2.755,68.4,1653.7,0,Degrading
2026-02-21,Basin_B_Pad3,2.802,72.1,1653.3,0,Degrading
2026-02-22,Basin_B_Pad3,2.971,72.9,1667.1,0,Degrading
2026-02-23,Basin_B_Pad3,2.998,72.3,1632.6,0,Degrading
2026-02-24,Basin_B_Pad3,3.822,70.5,1668.3,0,Degrading
2026-02-25,Basin_B_Pad3,3.938,76.1,1589.6,1,Failing
2026-02-26,Basin_B_Pad3,3.98,75.3,1574.5,1,Failing
2026-02-27,Basin_B_Pad3,4.735,75.5,1542.1,1,Failing
2026-02-28,Basin_B_Pad3,4.342,77.8,1577.0,1,Failing
2026-03-01,Basin_B_Pad3,4.606,78.2,1554.6,1,Failing
2026-03-02,Basin_B_Pad3,4.739,83.8,1401.8,1,Failing
2026-03-03,Basin_B_Pad3,5.59,86.7,1531.6,1,Failing
2026-03-04,Basin_B_Pad3,8.1,91.0,1280.0,1,Failure_Event
2026-03-05,Basin_B_Pad3,2.141,64.6,1757.4,0,Healthy
2026-03-06,Basin_B_Pad3,1.961,67.4,1816.1,0,Healthy
2026-03-07,Basin_B_Pad3,1.913,66.0,1762.3,0,Healthy
2026-03-08,Basin_B_Pad3,2.214,64.1,1826.6,0,Healthy
2026-03-09,Basin_B_Pad3,2.022,66.5,1742.7,0,Healthy
2026-03-10,Basin_B_Pad3,2.238,65.2,1803.3,0,Healthy
2026-03-11,Basin_B_Pad3,2.089,65.8,1811.8,0,Healthy
2026-03-12,Basin_B_Pad3,2.168,66.8,1811.9,0,Healthy
2026-03-13,Basin_B_Pad3,2.046,65.3,1762.9,0,Healthy
2026-03-14,Basin_B_Pad3,2.182,63.7,1798.1,0,Healthy
2026-03-15,Basin_B_Pad3,2.21,65.2,1781.4,0,Healthy
2026-03-16,Basin_B_Pad3,2.13,67.0,1765.8,0,Healthy
2026-03-17,Basin_B_Pad3,1.969,64.7,1781.8,0,Healthy
2026-03-18,Basin_B_Pad3,1.963,65.8,1835.5,0,Healthy
2026-03-19,Basin_B_Pad3,2.052,66.8,1799.4,0,Healthy
2026-03-20,Basin_B_Pad3,2.068,64.4,,0,Healthy
2026-03-21,Basin_B_Pad3,2.032,65.0,1783.7,0,Healthy
2026-03-22,Basin_B_Pad3,2.289,65.6,1736.5,0,Healthy
2026-03-23,Basin_B_Pad3,2.126,67.3,1718.8,0,Healthy
2026-03-24,Basin_B_Pad3,2.01,67.4,1756.0,0,Healthy
2026-03-25,Basin_B_Pad3,2.137,64.6,1785.7,0,Healthy
2026-03-26,Basin_B_Pad3,2.191,64.6,1767.6,0,Healthy
2026-03-27,Basin_B_Pad3,2.383,64.9,1772.0,0,Healthy
2026-03-28,Basin_B_Pad3,2.261,66.7,1776.4,0,Healthy
2026-03-29,Basin_B_Pad3,2.074,65.2,1814.8,0,Healthy
2026-03-30,Basin_B_Pad3,2.273,66.2,1781.7,0,Healthy
2026-03-31,Basin_B_Pad3,1.988,68.2,1801.0,0,Healthy
2026-04-01,Basin_B_Pad3,1.96,64.5,1761.0,0,Healthy
2026-04-02,Basin_B_Pad3,1.981,66.4,1787.8,0,Healthy
2026-04-03,Basin_B_Pad3,2.112,65.1,1721.5,0,Healthy
2026-04-04,Basin_B_Pad3,2.053,66.4,1768.0,0,Healthy
2026-04-05,Basin_B_Pad3,2.106,65.3,1786.4,0,Healthy
2026-04-06,Basin_B_Pad3,1.945,65.3,1780.9,0,Healthy
2026-04-07,Basin_B_Pad3,2.165,64.5,1794.7,0,Healthy
2026-04-08,Basin_B_Pad3,2.155,67.7,1781.1,0,Healthy
2026-04-09,Basin_B_Pad3,2.382,65.9,1770.3,0,Healthy
2026-04-10,Basin_B_Pad3,1.917,65.6,1749.6,0,Healthy
2026-04-11,Basin_B_Pad3,2.201,63.6,1800.7,0,Healthy
2026-04-12,Basin_B_Pad3,2.215,66.0,1726.1,0,Healthy
2026-04-13,Basin_B_Pad3,2.228,64.4,1766.5,0,Healthy
2026-04-14,Basin_B_Pad3,1.94,66.9,1740.2,0,Healthy
2026-04-15,Basin_B_Pad3,2.112,67.4,1821.2,0,Healthy
2026-04-16,Basin_B_Pad3,2.187,66.6,1770.0,0,Healthy
2026-04-17,Basin_B_Pad3,1.918,65.4,1789.0,0,Healthy
2026-04-18,Basin_B_Pad3,2.142,67.9,1761.9,0,Healthy
2026-04-19,Basin_B_Pad3,2.201,67.6,1785.6,0,Healthy
2026-04-20,Basin_B_Pad3,1.996,63.8,1773.3,0,Healthy
2026-04-21,Basin_B_Pad3,1.926,65.3,1768.7,0,Healthy
2026-04-22,Basin_B_Pad3,2.116,66.1,1780.5,0,Healthy
2026-04-23,Basin_B_Pad3,2.12,67.3,1776.2,0,Healthy
2026-04-24,Basin_B_Pad3,2.184,67.6,1713.3,0,Healthy
2026-04-25,Basin_B_Pad3,2.05,64.8,1766.6,0,Healthy
2026-04-26,Basin_B_Pad3,2.147,68.3,1786.9,0,Healthy
2026-04-27,Basin_B_Pad3,2.08,69.2,1777.8,0,Healthy
2026-04-28,Basin_B_Pad3,1.989,65.9,1833.2,0,Healthy
2026-04-29,Basin_B_Pad3,2.313,65.8,1794.1,0,Healthy
2026-04-30,Basin_B_Pad3,2.167,66.3,1732.9,0,Healthy
2026-05-01,Basin_B_Pad3,2.054,66.5,1814.3,0,Healthy
2026-05-02,Basin_B_Pad3,2.082,68.2,1744.1,0,Degrading
2026-05-03,Basin_B_Pad3,2.597,67.1,1767.5,0,Degrading
2026-05-04,Basin_B_Pad3,2.652,70.9,1689.0,0,Degrading
2026-05-05,Basin_B_Pad3,3.306,70.8,1752.8,0,Degrading
2026-05-06,Basin_B_Pad3,3.192,71.5,1614.7,0,Degrading
2026-05-07,Basin_B_Pad3,3.729,70.6,1685.9,0,Degrading
2026-05-08,Basin_B_Pad3,3.464,74.0,1673.1,0,Degrading
2026-05-09,Basin_B_Pad3,3.522,76.7,1623.0,1,Failing
2026-05-10,Basin_B_Pad3,4.178,77.2,1568.5,1,Failing
2026-05-11,Basin_B_Pad3,4.553,77.0,1528.4,1,Failing
2026-05-12,Basin_B_Pad3,4.776,75.2,1579.1,1,Failing
2026-05-13,Basin_B_Pad3,5.093,81.3,1505.7,1,Failing
2026-05-14,Basin_B_Pad3,4.628,76.5,1539.4,1,Failing
2026-05-15,Basin_B_Pad3,4.595,81.3,1463.4,1,Failing
2026-05-16,Basin_B_Pad3,8.1,91.0,1280.0,1,Failure_Event
2026-05-17,Basin_B_Pad3,1.936,64.0,1751.5,0,Healthy
2026-05-18,Basin_B_Pad3,2.065,66.1,1815.4,0,Healthy
2026-05-19,Basin_B_Pad3,2.273,65.6,1741.8,0,Healthy
2026-05-20,Basin_B_Pad3,2.003,65.8,1796.3,0,Healthy
2026-05-21,Basin_B_Pad3,2.12,67.0,1771.1,0,Healthy
2026-05-22,Basin_B_Pad3,2.02,69.3,1796.3,0,Healthy
2026-05-23,Basin_B_Pad3,2.119,66.2,1836.4,0,Healthy
2026-05-24,Basin_B_Pad3,2.15,66.3,1777.8,0,Healthy
2026-05-25,Basin_B_Pad3,1.982,69.5,1757.9,0,Healthy
2026-05-26,Basin_B_Pad3,1.994,66.8,1736.4,0,Healthy
2026-05-27,Basin_B_Pad3,2.108,65.0,1768.1,0,Healthy
2026-05-28,Basin_B_Pad3,2.212,65.3,1744.2,0,Healthy
2026-05-29,Basin_B_Pad3,2.1,66.6,1809.9,0,Healthy
2026-05-30,Basin_B_Pad3,2.179,64.0,1811.3,0,Healthy
2026-05-31,Basin_B_Pad3,2.063,67.2,1765.8,0,Healthy
2026-06-01,Basin_B_Pad3,,66.6,1749.5,0,Healthy
2026-06-02,Basin_B_Pad3,2.032,64.7,1793.5,0,Healthy
2026-06-03,Basin_B_Pad3,2.248,64.8,1713.0,0,Healthy
2026-06-04,Basin_B_Pad3,1.992,67.3,1770.3,0,Healthy
2026-06-05,Basin_B_Pad3,2.085,65.1,1765.3,0,Healthy
2026-06-06,Basin_B_Pad3,2.293,64.5,1743.0,0,Healthy
2026-06-07,Basin_B_Pad3,2.329,67.0,1793.9,0,Healthy
2026-06-08,Basin_B_Pad3,2.347,66.7,1772.7,0,Healthy
2026-06-09,Basin_B_Pad3,2.193,67.4,1785.4,0,Healthy
2026-06-10,Basin_B_Pad3,2.167,65.8,1785.8,0,Healthy
2026-06-11,Basin_B_Pad3,,64.0,1759.8,0,Healthy
2026-06-12,Basin_B_Pad3,2.177,65.4,1761.1,0,Healthy
2026-06-13,Basin_B_Pad3,1.926,67.1,1771.9,0,Healthy
2026-06-14,Basin_B_Pad3,1.988,67.9,1751.4,0,Healthy
2026-06-15,Basin_B_Pad3,1.972,64.4,1760.2,0,Healthy
2026-06-16,Basin_B_Pad3,2.166,67.3,1784.0,0,Healthy
2026-06-17,Basin_B_Pad3,2.325,65.6,1725.0,0,Healthy
2026-06-18,Basin_B_Pad3,2.062,67.5,1750.5,0,Healthy
2026-06-19,Basin_B_Pad3,2.241,67.5,1770.8,0,Healthy
2026-06-20,Basin_B_Pad3,2.176,64.1,1842.8,0,Healthy
2026-06-21,Basin_B_Pad3,1.992,66.4,1739.3,0,Healthy
2026-06-22,Basin_B_Pad3,2.042,64.9,1750.6,0,Healthy
2026-06-23,Basin_B_Pad3,2.223,65.0,1745.0,0,Healthy
2026-06-24,Basin_B_Pad3,1.924,66.5,1759.2,0,Healthy
2026-06-25,Basin_B_Pad3,2.068,66.4,1781.2,0,Healthy
2026-06-26,Basin_B_Pad3,1.965,62.2,1775.3,0,Healthy
2026-06-27,Basin_B_Pad3,2.331,66.4,1738.8,1,Failing
2026-06-28,Basin_B_Pad3,2.604,67.9,,1,Failing
2026-06-29,Basin_B_Pad3,3.025,67.3,1685.0,1,Failing
2026-06-30,Basin_B_Pad3,2.784,69.6,1695.3,1,Failing
2025-07-01,Basin_B_Pad4,2.521,71.8,1706.5,0,Healthy
2025-07-02,Basin_B_Pad4,2.447,71.6,1711.7,0,Healthy
2025-07-03,Basin_B_Pad4,2.404,70.9,1683.0,0,Healthy
2025-07-04,Basin_B_Pad4,2.683,71.3,1705.7,0,Healthy
2025-07-05,Basin_B_Pad4,2.465,69.1,1684.5,0,Healthy
2025-07-06,Basin_B_Pad4,2.718,69.2,1687.3,0,Healthy
2025-07-07,Basin_B_Pad4,2.268,73.6,1663.3,0,Healthy
2025-07-08,Basin_B_Pad4,2.511,69.3,1687.5,0,Healthy
2025-07-09,Basin_B_Pad4,2.481,72.4,1692.7,0,Healthy
2025-07-10,Basin_B_Pad4,2.528,71.7,1662.8,0,Healthy
2025-07-11,Basin_B_Pad4,2.572,70.9,1692.6,0,Healthy
2025-07-12,Basin_B_Pad4,2.648,73.1,1661.6,0,Healthy
2025-07-13,Basin_B_Pad4,2.522,72.1,1710.1,0,Healthy
2025-07-14,Basin_B_Pad4,2.556,70.3,1683.2,0,Healthy
2025-07-15,Basin_B_Pad4,2.422,69.9,1698.1,0,Healthy
2025-07-16,Basin_B_Pad4,2.562,70.8,1699.7,0,Healthy
2025-07-17,Basin_B_Pad4,2.327,70.6,1637.0,0,Healthy
2025-07-18,Basin_B_Pad4,2.635,71.7,1713.1,0,Healthy
2025-07-19,Basin_B_Pad4,2.52,69.2,1693.7,0,Healthy
2025-07-20,Basin_B_Pad4,2.799,,1689.8,0,Healthy
2025-07-21,Basin_B_Pad4,2.553,70.9,1719.1,0,Healthy
2025-07-22,Basin_B_Pad4,2.516,74.9,1692.8,0,Healthy
2025-07-23,Basin_B_Pad4,2.213,72.0,1690.0,0,Healthy
2025-07-24,Basin_B_Pad4,2.684,71.3,1667.9,0,Healthy
2025-07-25,Basin_B_Pad4,2.588,69.5,1677.6,0,Healthy
2025-07-26,Basin_B_Pad4,2.699,71.6,1690.9,0,Healthy
2025-07-27,Basin_B_Pad4,2.571,68.3,1680.4,0,Healthy
2025-07-28,Basin_B_Pad4,2.494,71.4,1675.3,0,Healthy
2025-07-29,Basin_B_Pad4,2.681,70.0,1695.2,0,Healthy
2025-07-30,Basin_B_Pad4,2.611,71.5,1657.6,0,Healthy
2025-07-31,Basin_B_Pad4,2.466,72.3,1696.7,0,Healthy
2025-08-01,Basin_B_Pad4,2.605,72.5,1651.5,0,Healthy
2025-08-02,Basin_B_Pad4,2.613,73.1,1691.0,0,Healthy
2025-08-03,Basin_B_Pad4,2.226,71.1,1715.7,0,Healthy
2025-08-04,Basin_B_Pad4,2.255,69.9,1713.2,0,Healthy
2025-08-05,Basin_B_Pad4,2.671,70.6,1650.4,0,Healthy
2025-08-06,Basin_B_Pad4,2.509,70.1,1694.9,0,Healthy
2025-08-07,Basin_B_Pad4,2.53,72.7,1696.5,0,Healthy
2025-08-08,Basin_B_Pad4,2.523,71.2,1658.7,0,Healthy
2025-08-09,Basin_B_Pad4,2.556,73.6,1661.4,0,Healthy
2025-08-10,Basin_B_Pad4,2.659,71.2,1635.0,0,Healthy
2025-08-11,Basin_B_Pad4,2.413,71.0,1718.9,0,Healthy
2025-08-12,Basin_B_Pad4,2.481,71.9,1671.2,0,Healthy
2025-08-13,Basin_B_Pad4,2.487,70.3,1656.7,0,Healthy
2025-08-14,Basin_B_Pad4,2.425,70.5,1695.3,0,Healthy
2025-08-15,Basin_B_Pad4,2.742,71.1,1703.6,0,Healthy
2025-08-16,Basin_B_Pad4,2.378,70.1,1702.4,0,Healthy
2025-08-17,Basin_B_Pad4,2.519,72.5,1687.8,0,Healthy
2025-08-18,Basin_B_Pad4,2.311,71.1,1680.7,0,Healthy
2025-08-19,Basin_B_Pad4,2.56,70.2,1666.7,0,Healthy
2025-08-20,Basin_B_Pad4,2.508,73.2,1683.0,0,Healthy
2025-08-21,Basin_B_Pad4,2.338,70.3,1713.9,0,Healthy
2025-08-22,Basin_B_Pad4,2.604,67.5,1657.0,0,Healthy
2025-08-23,Basin_B_Pad4,2.786,70.7,1682.5,0,Healthy
2025-08-24,Basin_B_Pad4,2.615,72.2,1648.7,0,Healthy
2025-08-25,Basin_B_Pad4,,73.2,1702.4,0,Healthy
2025-08-26,Basin_B_Pad4,2.701,73.2,1666.5,0,Healthy
2025-08-27,Basin_B_Pad4,2.468,70.0,1751.9,0,Healthy
2025-08-28,Basin_B_Pad4,2.436,72.6,1727.7,0,Healthy
2025-08-29,Basin_B_Pad4,2.518,72.5,1691.6,0,Healthy
2025-08-30,Basin_B_Pad4,2.633,70.7,1673.9,0,Healthy
2025-08-31,Basin_B_Pad4,2.542,71.7,1699.4,0,Healthy
2025-09-01,Basin_B_Pad4,2.592,70.2,1686.8,0,Healthy
2025-09-02,Basin_B_Pad4,2.571,71.3,1687.0,0,Healthy
2025-09-03,Basin_B_Pad4,2.643,71.0,1696.7,0,Healthy
2025-09-04,Basin_B_Pad4,2.349,71.5,1717.9,0,Healthy
2025-09-05,Basin_B_Pad4,2.673,70.9,1692.9,0,Healthy
2025-09-06,Basin_B_Pad4,2.496,72.8,1676.4,0,Healthy
2025-09-07,Basin_B_Pad4,2.583,71.6,1681.9,0,Healthy
2025-09-08,Basin_B_Pad4,2.713,71.0,,0,Degrading
2025-09-09,Basin_B_Pad4,3.145,73.1,1685.1,0,Degrading
2025-09-10,Basin_B_Pad4,3.361,73.5,1658.1,0,Degrading
2025-09-11,Basin_B_Pad4,3.597,77.1,1578.5,0,Degrading
2025-09-12,Basin_B_Pad4,4.212,76.9,1542.4,0,Degrading
2025-09-13,Basin_B_Pad4,3.879,78.3,1499.6,0,Degrading
2025-09-14,Basin_B_Pad4,4.237,78.6,1524.5,0,Degrading
2025-09-15,Basin_B_Pad4,3.937,80.1,1493.9,1,Failing
2025-09-16,Basin_B_Pad4,4.387,79.2,1478.6,1,Failing
2025-09-17,Basin_B_Pad4,4.806,83.8,1427.2,1,Failing
2025-09-18,Basin_B_Pad4,5.205,81.1,1452.6,1,Failing
2025-09-19,Basin_B_Pad4,5.599,82.0,1410.3,1,Failing
2025-09-20,Basin_B_Pad4,4.956,87.3,1351.6,1,Failing
2025-09-21,Basin_B_Pad4,5.236,89.3,1303.1,1,Failing
2025-09-22,Basin_B_Pad4,8.5,96.0,1190.0,1,Failure_Event
2025-09-23,Basin_B_Pad4,2.579,70.8,,0,Healthy
2025-09-24,Basin_B_Pad4,2.368,71.8,1644.5,0,Healthy
2025-09-25,Basin_B_Pad4,2.489,71.2,1636.0,0,Healthy
2025-09-26,Basin_B_Pad4,2.637,71.6,1687.0,0,Healthy
2025-09-27,Basin_B_Pad4,2.588,71.1,1698.6,0,Healthy
2025-09-28,Basin_B_Pad4,2.736,69.4,1699.7,0,Healthy
2025-09-29,Basin_B_Pad4,2.487,70.4,1683.5,0,Healthy
2025-09-30,Basin_B_Pad4,2.489,69.8,1726.5,0,Healthy
2025-10-01,Basin_B_Pad4,2.52,71.7,1689.6,0,Healthy
2025-10-02,Basin_B_Pad4,2.561,71.1,1692.6,0,Healthy
2025-10-03,Basin_B_Pad4,2.363,71.5,1677.5,0,Healthy
2025-10-04,Basin_B_Pad4,2.804,69.8,1691.0,0,Healthy
2025-10-05,Basin_B_Pad4,2.424,70.3,1673.0,0,Healthy
2025-10-06,Basin_B_Pad4,2.482,71.7,1695.9,0,Healthy
2025-10-07,Basin_B_Pad4,2.382,68.2,1692.6,0,Healthy
2025-10-08,Basin_B_Pad4,2.304,71.2,1676.5,0,Healthy
2025-10-09,Basin_B_Pad4,2.547,71.2,1638.4,0,Healthy
2025-10-10,Basin_B_Pad4,2.556,72.2,1734.2,0,Healthy
2025-10-11,Basin_B_Pad4,2.601,71.5,1682.3,0,Healthy
2025-10-12,Basin_B_Pad4,2.48,71.3,1694.4,0,Healthy
2025-10-13,Basin_B_Pad4,2.532,70.2,1682.2,0,Healthy
2025-10-14,Basin_B_Pad4,2.433,71.4,1727.6,0,Healthy
2025-10-15,Basin_B_Pad4,2.635,70.0,1691.7,0,Healthy
2025-10-16,Basin_B_Pad4,2.276,69.7,1672.9,0,Healthy
2025-10-17,Basin_B_Pad4,2.489,70.1,1694.9,0,Healthy
2025-10-18,Basin_B_Pad4,2.269,70.2,1695.6,0,Healthy
2025-10-19,Basin_B_Pad4,2.53,71.6,1652.8,0,Healthy
2025-10-20,Basin_B_Pad4,2.461,69.9,1695.5,0,Healthy
2025-10-21,Basin_B_Pad4,2.566,69.8,1747.1,0,Healthy
2025-10-22,Basin_B_Pad4,2.585,69.6,1625.0,0,Healthy
2025-10-23,Basin_B_Pad4,2.687,71.1,1731.5,0,Healthy
2025-10-24,Basin_B_Pad4,2.626,70.3,1725.5,0,Healthy
2025-10-25,Basin_B_Pad4,2.621,70.3,1706.0,0,Healthy
2025-10-26,Basin_B_Pad4,2.493,70.3,1716.0,0,Healthy
2025-10-27,Basin_B_Pad4,2.545,72.6,1682.9,0,Healthy
2025-10-28,Basin_B_Pad4,2.305,74.1,1705.2,0,Healthy
2025-10-29,Basin_B_Pad4,2.692,71.7,1750.7,0,Healthy
2025-10-30,Basin_B_Pad4,2.404,72.1,1663.7,0,Healthy
2025-10-31,Basin_B_Pad4,2.661,71.1,1711.8,0,Healthy
2025-11-01,Basin_B_Pad4,2.711,71.0,,0,Healthy
2025-11-02,Basin_B_Pad4,2.532,68.8,1720.0,0,Healthy
2025-11-03,Basin_B_Pad4,2.691,70.1,1670.0,0,Healthy
2025-11-04,Basin_B_Pad4,2.457,72.1,1700.6,0,Healthy
2025-11-05,Basin_B_Pad4,2.644,71.8,1665.9,0,Healthy
2025-11-06,Basin_B_Pad4,2.704,71.2,1731.5,0,Healthy
2025-11-07,Basin_B_Pad4,2.196,73.6,1683.2,0,Healthy
2025-11-08,Basin_B_Pad4,2.575,70.8,1663.4,0,Healthy
2025-11-09,Basin_B_Pad4,2.549,71.1,1714.7,0,Healthy
2025-11-10,Basin_B_Pad4,2.53,69.5,1662.9,0,Healthy
2025-11-11,Basin_B_Pad4,2.617,74.4,1685.2,0,Healthy
2025-11-12,Basin_B_Pad4,2.595,72.9,1665.5,0,Healthy
2025-11-13,Basin_B_Pad4,2.395,71.3,1708.5,0,Healthy
2025-11-14,Basin_B_Pad4,2.517,69.8,1684.8,0,Healthy
2025-11-15,Basin_B_Pad4,2.4,69.8,1717.0,0,Healthy
2025-11-16,Basin_B_Pad4,2.678,67.4,1672.2,0,Healthy
2025-11-17,Basin_B_Pad4,2.426,69.9,1706.0,0,Healthy
2025-11-18,Basin_B_Pad4,2.525,71.1,1667.9,0,Healthy
2025-11-19,Basin_B_Pad4,2.473,68.2,1660.3,0,Healthy
2025-11-20,Basin_B_Pad4,2.451,70.5,1620.3,0,Healthy
2025-11-21,Basin_B_Pad4,2.648,70.8,1669.0,0,Healthy
2025-11-22,Basin_B_Pad4,2.482,72.8,1698.5,0,Healthy
2025-11-23,Basin_B_Pad4,2.443,71.0,1697.0,0,Healthy
2025-11-24,Basin_B_Pad4,2.555,73.0,1671.0,0,Healthy
2025-11-25,Basin_B_Pad4,2.429,71.1,1696.9,0,Healthy
2025-11-26,Basin_B_Pad4,2.21,69.2,1682.1,0,Healthy
2025-11-27,Basin_B_Pad4,2.654,70.3,1697.1,0,Healthy
2025-11-28,Basin_B_Pad4,2.607,70.1,1699.4,0,Healthy
2025-11-29,Basin_B_Pad4,2.568,71.9,1660.2,0,Healthy
2025-11-30,Basin_B_Pad4,2.547,69.8,1701.9,0,Healthy
2025-12-01,Basin_B_Pad4,2.36,72.4,1707.2,0,Healthy
2025-12-02,Basin_B_Pad4,2.813,68.4,1623.4,0,Degrading
2025-12-03,Basin_B_Pad4,3.331,74.3,1630.8,0,Degrading
2025-12-04,Basin_B_Pad4,3.476,76.6,1621.5,0,Degrading
2025-12-05,Basin_B_Pad4,3.173,73.0,1604.9,0,Degrading
2025-12-06,Basin_B_Pad4,3.721,80.1,1559.7,0,Degrading
2025-12-07,Basin_B_Pad4,3.903,79.7,1563.2,0,Degrading
2025-12-08,Basin_B_Pad4,3.638,80.0,1528.3,0,Degrading
2025-12-09,Basin_B_Pad4,3.901,81.6,1464.5,1,Failing
2025-12-10,Basin_B_Pad4,4.889,79.0,1465.0,1,Failing
2025-12-11,Basin_B_Pad4,4.576,80.7,1420.5,1,Failing
2025-12-12,Basin_B_Pad4,5.239,90.3,1474.1,1,Failing
2025-12-13,Basin_B_Pad4,5.617,88.1,1346.4,1,Failing
2025-12-14,Basin_B_Pad4,5.752,91.6,1406.6,1,Failing
2025-12-15,Basin_B_Pad4,5.16,88.7,1396.4,1,Failing
2025-12-16,Basin_B_Pad4,8.5,96.0,1190.0,1,Failure_Event
2025-12-17,Basin_B_Pad4,2.528,70.7,1709.3,0,Healthy
2025-12-18,Basin_B_Pad4,2.571,70.4,1715.2,0,Healthy
2025-12-19,Basin_B_Pad4,2.506,71.9,1760.5,0,Healthy
2025-12-20,Basin_B_Pad4,2.413,69.1,1713.0,0,Healthy
2025-12-21,Basin_B_Pad4,2.423,70.2,1716.6,0,Healthy
2025-12-22,Basin_B_Pad4,2.453,68.2,1722.5,0,Healthy
2025-12-23,Basin_B_Pad4,2.462,69.9,1697.4,0,Healthy
2025-12-24,Basin_B_Pad4,2.51,70.0,1710.0,0,Healthy
2025-12-25,Basin_B_Pad4,2.349,71.2,1679.9,0,Healthy
2025-12-26,Basin_B_Pad4,2.57,71.6,1667.5,0,Healthy
2025-12-27,Basin_B_Pad4,2.429,73.0,1710.2,0,Healthy
2025-12-28,Basin_B_Pad4,2.599,72.2,1697.1,0,Healthy
2025-12-29,Basin_B_Pad4,2.319,70.5,1684.2,0,Healthy
2025-12-30,Basin_B_Pad4,2.51,68.4,1726.9,0,Healthy
2025-12-31,Basin_B_Pad4,2.42,71.9,1633.9,0,Healthy
2026-01-01,Basin_B_Pad4,2.541,70.0,1718.6,0,Healthy
2026-01-02,Basin_B_Pad4,2.405,72.5,1720.0,0,Healthy
2026-01-03,Basin_B_Pad4,2.366,69.8,1671.2,0,Healthy
2026-01-04,Basin_B_Pad4,2.493,71.3,1665.2,0,Healthy
2026-01-05,Basin_B_Pad4,2.442,70.8,1703.2,0,Healthy
2026-01-06,Basin_B_Pad4,2.393,71.3,1701.6,0,Healthy
2026-01-07,Basin_B_Pad4,2.613,70.1,1720.9,0,Healthy
2026-01-08,Basin_B_Pad4,2.673,71.4,1690.8,0,Healthy
2026-01-09,Basin_B_Pad4,2.565,70.5,1688.9,0,Healthy
2026-01-10,Basin_B_Pad4,2.614,70.7,1684.6,0,Healthy
2026-01-11,Basin_B_Pad4,2.486,71.2,1715.8,0,Healthy
2026-01-12,Basin_B_Pad4,2.619,69.5,1691.3,0,Healthy
2026-01-13,Basin_B_Pad4,2.492,72.0,1718.1,0,Healthy
2026-01-14,Basin_B_Pad4,2.461,70.5,1641.7,0,Healthy
2026-01-15,Basin_B_Pad4,2.572,71.6,1689.6,0,Healthy
2026-01-16,Basin_B_Pad4,2.349,70.9,1679.6,0,Healthy
2026-01-17,Basin_B_Pad4,2.408,70.8,1650.7,0,Healthy
2026-01-18,Basin_B_Pad4,2.405,67.7,1694.8,0,Healthy
2026-01-19,Basin_B_Pad4,,68.8,1700.8,0,Healthy
2026-01-20,Basin_B_Pad4,2.487,70.4,1709.3,0,Healthy
2026-01-21,Basin_B_Pad4,2.329,71.3,1675.7,0,Healthy
2026-01-22,Basin_B_Pad4,2.469,68.9,1683.2,0,Healthy
2026-01-23,Basin_B_Pad4,2.549,70.9,1642.1,0,Healthy
2026-01-24,Basin_B_Pad4,2.618,71.3,1695.8,0,Healthy
2026-01-25,Basin_B_Pad4,2.579,70.3,1713.9,0,Healthy
2026-01-26,Basin_B_Pad4,2.536,70.5,1686.8,0,Healthy
2026-01-27,Basin_B_Pad4,2.597,73.7,1674.7,0,Healthy
2026-01-28,Basin_B_Pad4,2.162,71.3,1666.8,0,Healthy
2026-01-29,Basin_B_Pad4,2.459,70.3,1701.2,0,Healthy
2026-01-30,Basin_B_Pad4,2.505,69.9,1679.5,0,Healthy
2026-01-31,Basin_B_Pad4,2.397,70.6,1683.8,0,Healthy
2026-02-01,Basin_B_Pad4,2.592,69.2,1719.4,0,Healthy
2026-02-02,Basin_B_Pad4,2.364,71.5,1751.4,0,Healthy
2026-02-03,Basin_B_Pad4,2.479,72.6,1696.6,0,Healthy
2026-02-04,Basin_B_Pad4,2.441,72.6,1653.4,0,Healthy
2026-02-05,Basin_B_Pad4,2.574,70.7,1710.7,0,Healthy
2026-02-06,Basin_B_Pad4,2.609,71.6,1689.1,0,Healthy
2026-02-07,Basin_B_Pad4,2.632,69.5,1714.8,0,Healthy
2026-02-08,Basin_B_Pad4,2.647,70.4,1696.3,0,Healthy
2026-02-09,Basin_B_Pad4,2.565,72.7,1696.1,0,Healthy
2026-02-10,Basin_B_Pad4,2.481,70.6,1667.9,0,Healthy
2026-02-11,Basin_B_Pad4,2.291,72.7,1721.2,0,Healthy
2026-02-12,Basin_B_Pad4,2.609,70.6,1717.4,0,Healthy
2026-02-13,Basin_B_Pad4,2.673,71.0,1702.9,0,Healthy
2026-02-14,Basin_B_Pad4,2.356,71.4,1733.5,0,Healthy
2026-02-15,Basin_B_Pad4,2.642,72.3,1707.1,0,Healthy
2026-02-16,Basin_B_Pad4,2.447,69.8,1673.3,0,Healthy
2026-02-17,Basin_B_Pad4,2.495,70.7,1709.8,0,Healthy
2026-02-18,Basin_B_Pad4,2.344,71.9,1654.7,0,Healthy
2026-02-19,Basin_B_Pad4,2.761,71.6,1666.7,0,Degrading
2026-02-20,Basin_B_Pad4,3.185,72.4,1634.5,0,Degrading
2026-02-21,Basin_B_Pad4,3.265,76.7,1632.9,0,Degrading
2026-02-22,Basin_B_Pad4,3.338,77.9,1575.3,0,Degrading
2026-02-23,Basin_B_Pad4,3.508,72.6,1539.9,0,Degrading
2026-02-24,Basin_B_Pad4,4.155,80.0,1522.4,0,Degrading
2026-02-25,Basin_B_Pad4,4.489,79.8,1476.6,0,Degrading
2026-02-26,Basin_B_Pad4,4.282,79.3,1504.6,1,Failing
2026-02-27,Basin_B_Pad4,4.319,78.3,1420.0,1,Failing
2026-02-28,Basin_B_Pad4,4.574,86.3,1447.2,1,Failing
2026-03-01,Basin_B_Pad4,5.331,89.4,1401.0,1,Failing
2026-03-02,Basin_B_Pad4,5.586,86.1,1407.4,1,Failing
2026-03-03,Basin_B_Pad4,5.142,82.6,1315.5,1,Failing
2026-03-04,Basin_B_Pad4,6.152,89.0,1416.5,1,Failing
2026-03-05,Basin_B_Pad4,8.5,96.0,1190.0,1,Failure_Event
2026-03-06,Basin_B_Pad4,2.404,73.4,1677.1,0,Healthy
2026-03-07,Basin_B_Pad4,2.409,71.7,1654.5,0,Healthy
2026-03-08,Basin_B_Pad4,2.543,71.4,1632.9,0,Healthy
2026-03-09,Basin_B_Pad4,2.472,69.3,1712.2,0,Healthy
2026-03-10,Basin_B_Pad4,2.681,72.2,1657.6,0,Healthy
2026-03-11,Basin_B_Pad4,2.662,69.9,1669.7,0,Healthy
2026-03-12,Basin_B_Pad4,2.258,74.0,1709.8,0,Healthy
2026-03-13,Basin_B_Pad4,2.308,71.0,1676.6,0,Healthy
2026-03-14,Basin_B_Pad4,2.522,71.0,1710.5,0,Healthy
2026-03-15,Basin_B_Pad4,2.618,71.2,1705.6,0,Healthy
2026-03-16,Basin_B_Pad4,2.355,71.9,1728.6,0,Healthy
2026-03-17,Basin_B_Pad4,2.654,70.9,1664.4,0,Healthy
2026-03-18,Basin_B_Pad4,2.528,72.3,1711.1,0,Healthy
2026-03-19,Basin_B_Pad4,2.563,71.8,1682.9,0,Healthy
2026-03-20,Basin_B_Pad4,2.549,71.7,1716.8,0,Healthy
2026-03-21,Basin_B_Pad4,2.528,68.9,1683.8,0,Healthy
2026-03-22,Basin_B_Pad4,2.625,71.4,1681.5,0,Healthy
2026-03-23,Basin_B_Pad4,2.504,72.9,1712.4,0,Healthy
2026-03-24,Basin_B_Pad4,2.535,69.8,1716.8,0,Healthy
2026-03-25,Basin_B_Pad4,2.422,70.9,1695.1,0,Healthy
2026-03-26,Basin_B_Pad4,2.543,71.0,1675.8,0,Healthy
2026-03-27,Basin_B_Pad4,2.452,72.2,1666.9,0,Healthy
2026-03-28,Basin_B_Pad4,2.606,71.5,1625.0,0,Healthy
2026-03-29,Basin_B_Pad4,2.407,72.6,1670.9,0,Healthy
2026-03-30,Basin_B_Pad4,2.366,71.1,1707.1,0,Healthy
2026-03-31,Basin_B_Pad4,2.485,71.7,1662.8,0,Healthy
2026-04-01,Basin_B_Pad4,2.538,68.8,1669.4,0,Healthy
2026-04-02,Basin_B_Pad4,2.257,70.2,1690.9,0,Healthy
2026-04-03,Basin_B_Pad4,2.501,70.7,1687.3,0,Healthy
2026-04-04,Basin_B_Pad4,2.375,72.1,1681.1,0,Healthy
2026-04-05,Basin_B_Pad4,2.391,72.3,1738.1,0,Healthy
2026-04-06,Basin_B_Pad4,2.483,69.7,1707.7,0,Healthy
2026-04-07,Basin_B_Pad4,2.52,71.2,1713.4,0,Healthy
2026-04-08,Basin_B_Pad4,2.493,72.1,1680.1,0,Healthy
2026-04-09,Basin_B_Pad4,2.527,71.8,1679.4,0,Healthy
2026-04-10,Basin_B_Pad4,2.463,71.7,1700.2,0,Healthy
2026-04-11,Basin_B_Pad4,2.457,70.0,1684.0,0,Healthy
2026-04-12,Basin_B_Pad4,2.547,72.5,1693.8,0,Healthy
2026-04-13,Basin_B_Pad4,2.615,71.3,1677.9,0,Healthy
2026-04-14,Basin_B_Pad4,2.848,71.2,1650.0,0,Degrading
2026-04-15,Basin_B_Pad4,2.653,73.4,1643.8,0,Degrading
2026-04-16,Basin_B_Pad4,3.326,73.9,1607.4,0,Degrading
2026-04-17,Basin_B_Pad4,3.112,72.5,1510.7,0,Degrading
2026-04-18,Basin_B_Pad4,3.27,75.6,1580.1,0,Degrading
2026-04-19,Basin_B_Pad4,4.077,76.2,1588.7,0,Degrading
2026-04-20,Basin_B_Pad4,4.093,80.1,1581.4,0,Degrading
2026-04-21,Basin_B_Pad4,4.727,82.1,1483.6,1,Failing
2026-04-22,Basin_B_Pad4,5.063,82.5,1494.8,1,Failing
2026-04-23,Basin_B_Pad4,5.235,83.9,1475.5,1,Failing
2026-04-24,Basin_B_Pad4,5.241,84.1,1452.5,1,Failing
2026-04-25,Basin_B_Pad4,5.773,83.2,1365.0,1,Failing
2026-04-26,Basin_B_Pad4,5.258,90.0,1445.3,1,Failing
2026-04-27,Basin_B_Pad4,6.063,81.7,1427.7,1,Failing
2026-04-28,Basin_B_Pad4,8.5,96.0,1190.0,1,Failure_Event
2026-04-29,Basin_B_Pad4,2.583,71.2,1638.8,0,Healthy
2026-04-30,Basin_B_Pad4,2.599,71.0,1646.2,0,Healthy
2026-05-01,Basin_B_Pad4,2.492,72.1,1679.5,0,Healthy
2026-05-02,Basin_B_Pad4,2.486,71.4,1680.3,0,Healthy
2026-05-03,Basin_B_Pad4,2.291,70.8,1723.0,0,Healthy
2026-05-04,Basin_B_Pad4,2.386,71.8,1712.7,0,Healthy
2026-05-05,Basin_B_Pad4,2.55,74.1,1706.8,0,Healthy
2026-05-06,Basin_B_Pad4,2.349,70.4,1645.4,0,Healthy
2026-05-07,Basin_B_Pad4,2.374,69.7,1707.3,0,Healthy
2026-05-08,Basin_B_Pad4,2.285,70.9,1704.7,0,Healthy
2026-05-09,Basin_B_Pad4,2.512,73.3,1669.1,0,Healthy
2026-05-10,Basin_B_Pad4,2.534,71.6,1675.5,0,Healthy
2026-05-11,Basin_B_Pad4,2.343,72.2,1694.6,0,Healthy
2026-05-12,Basin_B_Pad4,2.322,70.8,1721.1,0,Healthy
2026-05-13,Basin_B_Pad4,2.69,72.2,1691.7,0,Healthy
2026-05-14,Basin_B_Pad4,2.723,70.7,1716.7,0,Healthy
2026-05-15,Basin_B_Pad4,2.484,73.2,1709.0,0,Healthy
2026-05-16,Basin_B_Pad4,2.549,73.8,1665.6,0,Healthy
2026-05-17,Basin_B_Pad4,2.459,69.6,1713.4,0,Healthy
2026-05-18,Basin_B_Pad4,2.509,70.9,1701.2,0,Healthy
2026-05-19,Basin_B_Pad4,2.601,73.4,1655.9,0,Healthy
2026-05-20,Basin_B_Pad4,2.582,70.0,1710.8,0,Healthy
2026-05-21,Basin_B_Pad4,2.615,71.3,1712.7,0,Healthy
2026-05-22,Basin_B_Pad4,2.53,70.8,1683.7,0,Healthy
2026-05-23,Basin_B_Pad4,2.451,71.3,1699.7,0,Healthy
2026-05-24,Basin_B_Pad4,2.317,70.1,1702.9,0,Healthy
2026-05-25,Basin_B_Pad4,2.641,70.5,1632.8,0,Healthy
2026-05-26,Basin_B_Pad4,2.546,73.7,1726.6,0,Healthy
2026-05-27,Basin_B_Pad4,2.023,71.0,1687.3,0,Healthy
2026-05-28,Basin_B_Pad4,2.627,69.9,1730.6,0,Healthy
2026-05-29,Basin_B_Pad4,2.494,70.1,1663.1,0,Healthy
2026-05-30,Basin_B_Pad4,2.714,72.0,1722.9,0,Healthy
2026-05-31,Basin_B_Pad4,2.491,72.9,1742.0,0,Healthy
2026-06-01,Basin_B_Pad4,2.351,72.2,1704.8,0,Healthy
2026-06-02,Basin_B_Pad4,2.599,70.1,1702.3,0,Healthy
2026-06-03,Basin_B_Pad4,2.514,70.3,1669.5,0,Healthy
2026-06-04,Basin_B_Pad4,2.571,71.1,1705.9,0,Healthy
2026-06-05,Basin_B_Pad4,2.573,71.5,1690.2,0,Healthy
2026-06-06,Basin_B_Pad4,2.471,71.0,1666.9,0,Healthy
2026-06-07,Basin_B_Pad4,2.395,71.8,1716.6,0,Healthy
2026-06-08,Basin_B_Pad4,2.658,70.0,1741.6,0,Healthy
2026-06-09,Basin_B_Pad4,2.526,72.2,1714.8,0,Healthy
2026-06-10,Basin_B_Pad4,2.605,72.2,1655.3,0,Healthy
2026-06-11,Basin_B_Pad4,2.607,69.9,1686.5,0,Healthy
2026-06-12,Basin_B_Pad4,2.508,71.4,1699.2,0,Healthy
2026-06-13,Basin_B_Pad4,2.443,71.3,1727.8,0,Healthy
2026-06-14,Basin_B_Pad4,2.6,70.2,1689.5,0,Healthy
2026-06-15,Basin_B_Pad4,2.618,71.9,1693.9,0,Healthy
2026-06-16,Basin_B_Pad4,2.57,70.6,1695.3,0,Healthy
2026-06-17,Basin_B_Pad4,2.685,70.4,1683.6,0,Healthy
2026-06-18,Basin_B_Pad4,2.205,71.9,1703.0,0,Healthy
2026-06-19,Basin_B_Pad4,2.362,71.3,1730.0,0,Healthy
2026-06-20,Basin_B_Pad4,2.488,70.4,1689.8,0,Healthy
2026-06-21,Basin_B_Pad4,2.822,73.6,1679.6,0,Degrading
2026-06-22,Basin_B_Pad4,3.256,73.7,1614.9,0,Degrading
2026-06-23,Basin_B_Pad4,3.208,73.5,1632.9,0,Degrading
2026-06-24,Basin_B_Pad4,3.183,73.5,1565.0,1,Failing
2026-06-25,Basin_B_Pad4,3.916,79.1,1541.6,1,Failing
2026-06-26,Basin_B_Pad4,3.929,,1557.9,1,Failing
2026-06-27,Basin_B_Pad4,4.271,81.1,1495.1,1,Failing
2026-06-28,Basin_B_Pad4,4.586,83.2,1548.8,1,Failing
2026-06-29,Basin_B_Pad4,4.305,82.9,1477.8,1,Failing
2026-06-30,Basin_B_Pad4,5.263,82.3,1389.8,1,Failing
